group,level,seed,medium_of_exchange,emergence_turn,herfindahl_intermediates,indirect_trade_share,mean_deprivation,inventory_gini
main,,0,conchas,74,0.24048739673774605,0.09763259012601855,5.34147,0.2442650313228521
main,,1,conchas,64,0.24350924867321105,0.10862055214852687,5.33738,0.24687841497342408
main,,10,conchas,65,0.24284506984301696,0.10820057863839902,5.3493949999999995,0.24350374406147993
main,,11,conchas,64,0.24427015344324282,0.11320600784838422,5.3334,0.2430942662515827
main,,12,conchas,64,0.2614928338093816,0.110497763773528,5.35705,0.2459983575439495
main,,13,conchas,66,0.23325281434072642,0.11098012114313589,5.342695,0.24273368415927898
main,,14,conchas,60,0.253248409114443,0.11422653871225937,5.331925,0.24323046225301115
main,,15,conchas,64,0.2377073390609622,0.10274951198238984,5.3404300000000005,0.2414330006483355
main,,16,conchas,64,0.234088667926201,0.10362602347436776,5.341395,0.24496476541846982
main,,17,conchas,64,0.23560634216910428,0.1083167861190888,5.326565,0.24344141089366172
main,,18,conchas,77,0.23882809581861816,0.10624882702221371,5.347395000000001,0.2437360063055418
main,,19,conchas,65,0.2416984451133583,0.11458158410299468,5.346245,0.24676920928334464
main,,2,conchas,64,0.2412374899945496,0.11043047976686421,5.367954999999999,0.2428249987637755
main,,20,conchas,65,0.2419982960117566,0.1192357198461574,5.350485,0.24278268939487774
main,,21,conchas,65,0.23828664772431665,0.1117298935376902,5.36167,0.24226043657107774
main,,22,conchas,65,0.24545357080121064,0.10041267711573255,5.34163,0.24076962280214592
main,,23,conchas,69,0.24549824455973246,0.10256379378861044,5.352659999999999,0.24085934990629668
main,,24,conchas,64,0.2469913611044622,0.10358946979342068,5.343484999999999,0.24357332435089862
main,,25,conchas,64,0.23520676252594108,0.11059603689677389,5.351265,0.24320403067646343
main,,26,conchas,65,0.24331397005032984,0.11165136909553532,5.330135,0.24482311007425245
main,,27,conchas,65,0.2392646978110462,0.09290047548778488,5.33556,0.24363918958238157
main,,28,conchas,64,0.2499826931372208,0.09868229116016726,5.33614,0.24619328534648813
main,,29,conchas,66,0.2362432420317254,0.10616438356164383,5.34062,0.243823338902879
main,,3,conchas,73,0.23423384817128975,0.10282478193227403,5.3415300000000006,0.2405820688211082
main,,30,conchas,65,0.23558944451585484,0.1160511856447826,5.338769999999999,0.24607761286876023
main,,31,conchas,65,0.23339347637068283,0.10841089698413084,5.334890000000001,0.2445698516910079
main,,32,conchas,77,0.2408669630759154,0.10563005534269902,5.340109999999999,0.24335213412691384
main,,33,conchas,64,0.24293073825910488,0.1046451215030645,5.32578,0.24265114336350965
main,,34,conchas,73,0.236981787934848,0.11124216982681995,5.330085,0.24600393252142483
main,,35,conchas,80,0.23756996075378586,0.11066407449094444,5.328355,0.24445871806019429
main,,36,conchas,64,0.23869641179064904,0.11664767818912523,5.320449999999999,0.24719534034553592
main,,37,conchas,69,0.23402649745482187,0.1122567710994929,5.36422,0.24230194919899536
main,,38,conchas,52,0.23235738575344125,0.10951762133391435,5.35304,0.24240112082305362
main,,39,conchas,52,0.23303510737206767,0.11938699283919503,5.37293,0.24220195866478608
main,,4,conchas,85,0.24606713300858307,0.11294807683320092,5.360214999999999,0.24422642269315073
main,,40,conchas,65,0.24440658822754155,0.1065720369056068,5.350715,0.24312057109955623
main,,41,conchas,64,0.244718442813828,0.10479262948122164,5.315865,0.24571689271078562
main,,42,conchas,71,0.249974957578631,0.10258037225042302,5.352275,0.24323324930107937
main,,43,conchas,53,0.2415923534424098,0.12098335571308122,5.360665,0.2443064093598394
main,,44,conchas,65,0.2473335979550589,0.11118157100699626,5.339465000000001,0.24486095520527748
main,,45,conchas,64,0.25068511491711315,0.1100711087062738,5.3361,0.24313321429221968
main,,46,conchas,77,0.2505013242204106,0.10251296687724158,5.352495,0.24275545431720194
main,,47,conchas,57,0.24071299389958134,0.11652561068549196,5.35,0.24404601020395678
main,,48,conchas,51,0.24099240320383336,0.11359825522085293,5.3542,0.24270439669942448
main,,49,conchas,61,0.2460365918954364,0.10269348566568393,5.3450549999999994,0.24252089686131675
main,,5,conchas,72,0.24345973487158956,0.102199422373922,5.34804,0.2432995944462123
main,,50,conchas,58,0.23023610380920037,0.11505778243054249,5.33046,0.24407462975242133
main,,51,conchas,64,0.24091968953589127,0.11433316035288013,5.3251,0.24467519612270444
main,,52,conchas,77,0.2545576006730052,0.10350088656137892,5.33247,0.24122271976802556
main,,53,conchas,52,0.2368108104175913,0.11080521388809275,5.3268949999999995,0.2454309382785683
main,,54,conchas,64,0.22766406693844285,0.11795510608829628,5.333825000000001,0.24411014538275363
main,,55,conchas,60,0.2395419246721743,0.10140973169622555,5.34774,0.2433560473701195
main,,56,conchas,74,0.22989097217722063,0.1110461922161276,5.31279,0.2473845419987147
main,,57,conchas,77,0.24513528837312168,0.09871047475018498,5.33746,0.24426506632958037
main,,58,conchas,57,0.2350389778659484,0.11978016251297818,5.335235,0.2481207078361064
main,,59,conchas,72,0.23653300586985185,0.10890692526615368,5.33237,0.24426583302475544
main,,6,conchas,65,0.2515788540015775,0.09183720940067922,5.3294500000000005,0.2437097884749446
main,,60,conchas,62,0.24645996976817555,0.10206592651940025,5.347215,0.2438597795690087
main,,61,conchas,60,0.2420818283920826,0.11526822337633148,5.33048,0.24588251639721573
main,,62,conchas,64,0.24990743252804548,0.10538736087412533,5.363575,0.24120446832364056
main,,63,conchas,64,0.23777263062118828,0.10532188152191363,5.3518349999999995,0.24288274860568426
main,,64,conchas,64,0.2543999687972611,0.10462825070624691,5.335185,0.24187931248386016
main,,65,conchas,58,0.2406814489967032,0.1176578429262616,5.34875,0.24349729026204645
main,,66,conchas,65,0.23743557578026755,0.10884479212192413,5.36101,0.24270189410981025
main,,67,conchas,52,0.23922731746545128,0.10131223786387608,5.329815,0.2432030037523427
main,,68,conchas,65,0.23635444826645274,0.11093011163289514,5.3469299999999995,0.2441928007163299
main,,69,conchas,64,0.2435663754918261,0.1058664123231091,5.33906,0.24485957003992634
main,,7,conchas,64,0.24497982053621276,0.11133295537643685,5.336915,0.24570213604426364
main,,70,conchas,64,0.24037925090729778,0.11238128102141455,5.353585000000001,0.24181333665015273
main,,71,conchas,68,0.2539576680226942,0.0997108184217505,5.326165,0.24156806244404067
main,,72,conchas,64,0.2417095710568096,0.09903851292190949,5.33409,0.24398260657111984
main,,73,conchas,64,0.23737758247830976,0.10892710201498049,5.33443,0.2428348773178416
main,,74,conchas,64,0.2500007350868181,0.10640145746567402,5.34472,0.24260653050657596
main,,75,conchas,65,0.23362446796595843,0.11734742530197076,5.35793,0.24350935138112206
main,,76,conchas,65,0.23741406109626093,0.11473693326300376,5.35521,0.24519355796704212
main,,77,conchas,64,0.2480486613659134,0.1085771915348218,5.3586800000000006,0.24375658517548382
main,,78,conchas,65,0.2406215387347861,0.10921638412657352,5.34717,0.24743127999939687
main,,79,conchas,64,0.2325966138086036,0.11062694160081729,5.33701,0.24308917131094468
main,,8,conchas,65,0.2336443271865303,0.10819969298102361,5.35276,0.2429385957256341
main,,80,conchas,74,0.23719598780787102,0.10656798878535499,5.334535,0.24440860166708986
main,,81,conchas,64,0.23726339081309683,0.1220020979354408,5.359120000000001,0.24333257833442573
main,,82,conchas,64,0.2433304361087544,0.11422742899206716,5.356375000000001,0.24376847449279387
main,,83,conchas,53,0.24089403902737713,0.12175375453448647,5.33682,0.2437252196436025
main,,84,conchas,64,0.2423661364798985,0.10482436866768244,5.33563,0.24518528326609565
main,,85,conchas,84,0.2326075219266142,0.1129913385732093,5.3590800000000005,0.24483768272066908
main,,86,conchas,68,0.2407372463383286,0.1145083956988901,5.351165,0.24380780699105636
main,,87,conchas,65,0.23499752593383108,0.10460568703652787,5.331655,0.2445236890211286
main,,88,conchas,77,0.26051522571675967,0.08702669762998831,5.333575,0.2429854954424272
main,,89,conchas,64,0.23166022581068552,0.11247334305486484,5.3285,0.24496329813005358
main,,9,conchas,64,0.2480048505127524,0.12549619275939883,5.348285,0.24402568234325211
main,,90,conchas,64,0.23803966089825887,0.10534873175454579,5.34674,0.24508884668387299
main,,91,conchas,66,0.2406994566999697,0.1049755744526868,5.34525,0.24233707517942346
main,,92,conchas,64,0.24262983676938119,0.11415105789069137,5.350385,0.24539705241370297
main,,93,conchas,65,0.2451030093190549,0.10749447929491314,5.3683000000000005,0.24116524776511092
main,,94,conchas,64,0.24057058504089265,0.11062135814865474,5.35618,0.2436454971766516
main,,95,conchas,65,0.25062961757100927,0.10904671446371306,5.32634,0.24296160405149883
main,,96,conchas,64,0.24076806154132888,0.1070154762273982,5.361665,0.24313377251797186
main,,97,conchas,70,0.23734814463067866,0.10076465446991416,5.34261,0.24476018194496874
main,,98,conchas,52,0.24049406072429877,0.10735259098412596,5.343895,0.24246339659797914
main,,99,conchas,65,0.24181377658641975,0.11321608019351333,5.332445,0.2456425509053167
shell_sweep,0.3,0,conchas,74,0.2490178577079526,0.11114650307713482,5.357295000000001,0.2984199924748589
shell_sweep,0.3,1,conchas,73,0.2453006827028722,0.10490754786601615,5.34516,0.30012489562018857
shell_sweep,0.3,10,conchas,74,0.2401009372254101,0.11472697186982901,5.347659999999999,0.29876449257306276
shell_sweep,0.3,11,conchas,65,0.2416360681135258,0.10151394104018535,5.357329999999999,0.29283879843785526
shell_sweep,0.3,12,conchas,67,0.2516117149484924,0.11917399646649822,5.369935000000001,0.2959947969372951
shell_sweep,0.3,13,conchas,65,0.23292763233491526,0.11492927554119232,5.330815,0.29770591112358635
shell_sweep,0.3,14,conchas,64,0.2446857049150447,0.09925474396175604,5.324455,0.2976895300721991
shell_sweep,0.3,15,conchas,66,0.24300076918726418,0.09730673901528783,5.355544999999999,0.29737439774584756
shell_sweep,0.3,16,conchas,64,0.24210298872566416,0.1072952857459664,5.3532150000000005,0.2976942490791141
shell_sweep,0.3,17,conchas,64,0.2361958216496195,0.10441281223760501,5.34732,0.2949063337457889
shell_sweep,0.3,18,conchas,90,0.24303146299227962,0.10013509084659596,5.344785000000001,0.2907431263029828
shell_sweep,0.3,19,conchas,77,0.24621308725235036,0.10616863297411816,5.346545,0.2979753201002986
shell_sweep,0.3,2,conchas,64,0.24439428464168617,0.11210955909434739,5.342935,0.29817369161323776
shell_sweep,0.3,20,conchas,75,0.23905052857798262,0.11056939372833521,5.33939,0.2977550354996906
shell_sweep,0.3,21,conchas,77,0.24497298630803607,0.10256234086408277,5.344385,0.29626996381895926
shell_sweep,0.3,22,conchas,61,0.23621100410763587,0.11187281793527966,5.336445,0.2930536525330935
shell_sweep,0.3,23,conchas,53,0.24593832173357277,0.11524180487971387,5.35877,0.2955095199118613
shell_sweep,0.3,24,conchas,51,0.24655706093433188,0.11106664227233225,5.3683749999999995,0.29756770983527586
shell_sweep,0.3,25,conchas,67,0.24165890608122131,0.09918760245818899,5.343225,0.2954378201850445
shell_sweep,0.3,26,conchas,73,0.24100565031434196,0.11262355745349388,5.357885,0.29635207804901786
shell_sweep,0.3,27,conchas,73,0.2362861868838517,0.10840458330684635,5.342685,0.29206819623571084
shell_sweep,0.3,28,conchas,74,0.24338378050527204,0.0979664690508064,5.3112,0.30035113098925287
shell_sweep,0.3,29,conchas,74,0.24601546973391036,0.10345543790639121,5.320975,0.30151187000421453
shell_sweep,0.3,3,conchas,64,0.24734544079674628,0.09763449341618106,5.3311,0.2938132631813277
shell_sweep,0.3,4,conchas,64,0.2363504795949393,0.1044376749547176,5.32168,0.299396804157862
shell_sweep,0.3,5,conchas,73,0.24743130358134918,0.10860173296764641,5.3396550000000005,0.2973881649545348
shell_sweep,0.3,6,conchas,77,0.24074290643449056,0.09571529730378861,5.344105,0.2972678898135291
shell_sweep,0.3,7,conchas,64,0.24471661517656462,0.11179660911591478,5.359935,0.2982338254592182
shell_sweep,0.3,8,conchas,64,0.2346953537459791,0.11336599597005147,5.33879,0.30151522081186316
shell_sweep,0.3,9,conchas,64,0.25002224298407266,0.10355612732659011,5.359439999999999,0.2952453303266782
shell_sweep,1.0,0,conchas,74,0.24048739673774605,0.09763259012601855,5.34147,0.2442650313228521
shell_sweep,1.0,1,conchas,64,0.24350924867321105,0.10862055214852687,5.33738,0.24687841497342408
shell_sweep,1.0,10,conchas,65,0.24284506984301696,0.10820057863839902,5.3493949999999995,0.24350374406147993
shell_sweep,1.0,11,conchas,64,0.24427015344324282,0.11320600784838422,5.3334,0.2430942662515827
shell_sweep,1.0,12,conchas,64,0.2614928338093816,0.110497763773528,5.35705,0.2459983575439495
shell_sweep,1.0,13,conchas,66,0.23325281434072642,0.11098012114313589,5.342695,0.24273368415927898
shell_sweep,1.0,14,conchas,60,0.253248409114443,0.11422653871225937,5.331925,0.24323046225301115
shell_sweep,1.0,15,conchas,64,0.2377073390609622,0.10274951198238984,5.3404300000000005,0.2414330006483355
shell_sweep,1.0,16,conchas,64,0.234088667926201,0.10362602347436776,5.341395,0.24496476541846982
shell_sweep,1.0,17,conchas,64,0.23560634216910428,0.1083167861190888,5.326565,0.24344141089366172
shell_sweep,1.0,18,conchas,77,0.23882809581861816,0.10624882702221371,5.347395000000001,0.2437360063055418
shell_sweep,1.0,19,conchas,65,0.2416984451133583,0.11458158410299468,5.346245,0.24676920928334464
shell_sweep,1.0,2,conchas,64,0.2412374899945496,0.11043047976686421,5.367954999999999,0.2428249987637755
shell_sweep,1.0,20,conchas,65,0.2419982960117566,0.1192357198461574,5.350485,0.24278268939487774
shell_sweep,1.0,21,conchas,65,0.23828664772431665,0.1117298935376902,5.36167,0.24226043657107774
shell_sweep,1.0,22,conchas,65,0.24545357080121064,0.10041267711573255,5.34163,0.24076962280214592
shell_sweep,1.0,23,conchas,69,0.24549824455973246,0.10256379378861044,5.352659999999999,0.24085934990629668
shell_sweep,1.0,24,conchas,64,0.2469913611044622,0.10358946979342068,5.343484999999999,0.24357332435089862
shell_sweep,1.0,25,conchas,64,0.23520676252594108,0.11059603689677389,5.351265,0.24320403067646343
shell_sweep,1.0,26,conchas,65,0.24331397005032984,0.11165136909553532,5.330135,0.24482311007425245
shell_sweep,1.0,27,conchas,65,0.2392646978110462,0.09290047548778488,5.33556,0.24363918958238157
shell_sweep,1.0,28,conchas,64,0.2499826931372208,0.09868229116016726,5.33614,0.24619328534648813
shell_sweep,1.0,29,conchas,66,0.2362432420317254,0.10616438356164383,5.34062,0.243823338902879
shell_sweep,1.0,3,conchas,73,0.23423384817128975,0.10282478193227403,5.3415300000000006,0.2405820688211082
shell_sweep,1.0,4,conchas,85,0.24606713300858307,0.11294807683320092,5.360214999999999,0.24422642269315073
shell_sweep,1.0,5,conchas,72,0.24345973487158956,0.102199422373922,5.34804,0.2432995944462123
shell_sweep,1.0,6,conchas,65,0.2515788540015775,0.09183720940067922,5.3294500000000005,0.2437097884749446
shell_sweep,1.0,7,conchas,64,0.24497982053621276,0.11133295537643685,5.336915,0.24570213604426364
shell_sweep,1.0,8,conchas,65,0.2336443271865303,0.10819969298102361,5.35276,0.2429385957256341
shell_sweep,1.0,9,conchas,64,0.2480048505127524,0.12549619275939883,5.348285,0.24402568234325211
shell_sweep,3.0,0,conchas,64,0.23777633126280032,0.11964039269807415,5.3377,0.31166467759888355
shell_sweep,3.0,1,conchas,55,0.24313862954699617,0.10857259912041604,5.341635,0.3157488987795541
shell_sweep,3.0,10,conchas,64,0.23355126918148178,0.11043616373356474,5.37423,0.3140744841007571
shell_sweep,3.0,11,conchas,52,0.23906621980291004,0.10660102101442968,5.38183,0.3123622025708952
shell_sweep,3.0,12,conchas,64,0.2500219498941338,0.10575743559836709,5.345465000000001,0.3144909091738706
shell_sweep,3.0,13,conchas,60,0.23541346817893175,0.10379707167603892,5.297034999999999,0.31821785862425506
shell_sweep,3.0,14,conchas,52,0.2437438248572646,0.11173759044876616,5.367635,0.3134240111085197
shell_sweep,3.0,15,conchas,72,0.24398355861627763,0.10364534183723276,5.3445100000000005,0.3152703157872041
shell_sweep,3.0,16,conchas,52,0.23873621599261677,0.10748055771028502,5.34274,0.3167460150128324
shell_sweep,3.0,17,conchas,52,0.24611226415102794,0.10714729546083199,5.362045,0.31366631778504134
shell_sweep,3.0,18,conchas,80,0.23518712916836731,0.10315988975973914,5.323215,0.3144829710681519
shell_sweep,3.0,19,conchas,64,0.24746695787038278,0.09826335815798888,5.34818,0.3128935437052452
shell_sweep,3.0,2,conchas,65,0.24489722252733986,0.11024078793140005,5.349545000000001,0.31580445570971205
shell_sweep,3.0,20,conchas,65,0.24947546932681114,0.11329595482677216,5.347899999999999,0.31441125302544665
shell_sweep,3.0,21,conchas,66,0.24377877718006688,0.10400051298904288,5.34138,0.314550229762199
shell_sweep,3.0,22,conchas,65,0.24478775583425785,0.10206404159229489,5.3395150000000005,0.31400207727859264
shell_sweep,3.0,23,conchas,60,0.2456093436649653,0.10177244610750065,5.334895,0.317010662363926
shell_sweep,3.0,24,conchas,52,0.24111081652710598,0.10397315030683614,5.338010000000001,0.31555701928817437
shell_sweep,3.0,25,conchas,64,0.2501168208697174,0.10827025917744058,5.327459999999999,0.31439860386469354
shell_sweep,3.0,26,conchas,64,0.254551091431218,0.10804853420462848,5.33724,0.3151600227364281
shell_sweep,3.0,27,conchas,64,0.2448804923903333,0.10070620611505696,5.34673,0.31267078432880935
shell_sweep,3.0,28,conchas,64,0.24230985326341775,0.10449706801789838,5.3453800000000005,0.3141211200552327
shell_sweep,3.0,29,conchas,65,0.23548808506162172,0.10916409240480827,5.34601,0.31625804027468485
shell_sweep,3.0,3,conchas,68,0.23557212306041556,0.10787662214011078,5.351585,0.31717167445837385
shell_sweep,3.0,4,conchas,77,0.2414566441036307,0.11089294515954395,5.34884,0.3146928342957747
shell_sweep,3.0,5,conchas,78,0.24523386444989506,0.1139816246702447,5.35992,0.3140513856176176
shell_sweep,3.0,6,conchas,77,0.24228550387732067,0.10357356222338726,5.3502,0.31562718600249345
shell_sweep,3.0,7,conchas,61,0.24002696543824012,0.10826957213686723,5.3436900000000005,0.31599019866541445
shell_sweep,3.0,8,conchas,64,0.2371704781603481,0.10212364827872936,5.354065,0.3157790438924229
shell_sweep,3.0,9,conchas,70,0.24715297651808615,0.10321315980923126,5.346760000000001,0.3131144147961764
transport_sweep,0.0,0,conchas,60,0.2419878449355908,0.10247025244508888,5.3591,0.2424452523084349
transport_sweep,0.0,1,conchas,61,0.24664807557130475,0.0963588436359423,5.33729,0.2447151361277114
transport_sweep,0.0,10,conchas,64,0.23988199598675966,0.09923004939101279,5.338475,0.2435885747174294
transport_sweep,0.0,11,conchas,52,0.23697752796605784,0.09214946236180922,5.343505,0.24182559947084822
transport_sweep,0.0,12,conchas,65,0.24445300609907056,0.09276210413915194,5.3557749999999995,0.24470777107218247
transport_sweep,0.0,13,conchas,64,0.24646878498512223,0.10504680645272721,5.340075000000001,0.2402918443521608
transport_sweep,0.0,14,conchas,64,0.24766114507688805,0.09825921982248828,5.347595,0.24229407175162426
transport_sweep,0.0,15,conchas,64,0.23977310925582074,0.08954919778766471,5.3181899999999995,0.24196106574414325
transport_sweep,0.0,16,conchas,54,0.240215454315137,0.09122667108926473,5.34712,0.24239011395580182
transport_sweep,0.0,17,conchas,64,0.24017242916361817,0.10502219803908656,5.365365000000001,0.2400311879146667
transport_sweep,0.0,18,conchas,61,0.24410208395229915,0.08480774268459322,5.33996,0.2411950336656444
transport_sweep,0.0,19,conchas,64,0.24872160023284046,0.09118911926156428,5.354375,0.2430911536185589
transport_sweep,0.0,2,conchas,70,0.24806241915861868,0.10039117620791284,5.344125,0.24342358077278242
transport_sweep,0.0,20,conchas,52,0.23783583302033923,0.10600721334537856,5.350495,0.24195441027386835
transport_sweep,0.0,21,conchas,51,0.24257572952067838,0.10057707587014399,5.3427,0.24231108911131055
transport_sweep,0.0,22,conchas,59,0.23748652199353346,0.09680216473001606,5.35754,0.23893917061945852
transport_sweep,0.0,23,conchas,51,0.2419598011661431,0.09965146475921455,5.30659,0.24525108105905663
transport_sweep,0.0,24,conchas,52,0.25026700343038116,0.09199946347765314,5.342175,0.2419813747302928
transport_sweep,0.0,25,conchas,51,0.2495639017371723,0.10002546347052957,5.329645,0.242983379641682
transport_sweep,0.0,26,conchas,72,0.24143145395966645,0.09651534846515349,5.34179,0.2438043779390931
transport_sweep,0.0,27,conchas,52,0.24496484314048125,0.09223643727066191,5.327575,0.24304744204062595
transport_sweep,0.0,28,conchas,64,0.24274855843598203,0.09703222138812159,5.339650000000001,0.24569935512735497
transport_sweep,0.0,29,conchas,51,0.24233648354288956,0.09061408604232554,5.34906,0.24059030652087926
transport_sweep,0.0,3,conchas,65,0.23508405658329215,0.09223516949152542,5.3543899999999995,0.23914825017841188
transport_sweep,0.0,4,conchas,65,0.24503275877940806,0.09455714444074936,5.339955,0.24332530605755756
transport_sweep,0.0,5,conchas,51,0.24877559567105292,0.10273972602739725,5.353045,0.24122649795718354
transport_sweep,0.0,6,conchas,73,0.2453090815779264,0.09400916610367557,5.3327800000000005,0.24340201465426786
transport_sweep,0.0,7,conchas,73,0.24999818402430496,0.09067008003723677,5.33628,0.24368674353144457
transport_sweep,0.0,8,conchas,56,0.24560425049512258,0.09906794685015183,5.36115,0.2410484838789632
transport_sweep,0.0,9,conchas,61,0.23798702236184874,0.09699594963553933,5.334515,0.24353160239596797
transport_sweep,0.08,0,conchas,64,0.23228229337806527,0.12608045633323367,5.33366,0.24678256745537666
transport_sweep,0.08,1,conchas,77,0.24091048703768014,0.10374616574704215,5.344535,0.24593047981121305
transport_sweep,0.08,10,conchas,65,0.2333147778491092,0.1141779991921368,5.372415,0.24290863534987722
transport_sweep,0.08,11,conchas,65,0.24338745248520374,0.11459078951567679,5.33231,0.24411478960553762
transport_sweep,0.08,12,conchas,64,0.24263394327832163,0.11113344145373646,5.3305,0.24790747156601095
transport_sweep,0.08,13,conchas,65,0.23884614945275606,0.11267611988107537,5.336645,0.24304663653040282
transport_sweep,0.08,14,conchas,70,0.2358416613718032,0.1279114083958188,5.35822,0.2452910886090768
transport_sweep,0.08,15,conchas,65,0.2461675374438313,0.11271757186190957,5.336195,0.24256162001087397
transport_sweep,0.08,16,conchas,64,0.23536953440958108,0.13050482425913162,5.35529,0.24584036487864858
transport_sweep,0.08,17,conchas,64,0.23831923951608203,0.11728161729718191,5.357495,0.24235224713443465
transport_sweep,0.08,18,conchas,77,0.2414092854880945,0.10695825577128,5.3465549999999995,0.2428534371709322
transport_sweep,0.08,19,conchas,54,0.23762115033978928,0.12309795792352136,5.356509999999999,0.2466087891759059
transport_sweep,0.08,2,conchas,74,0.23696324456921336,0.11289877641824249,5.359204999999999,0.24355737539926248
transport_sweep,0.08,20,conchas,64,0.2435046181199906,0.12106830532263288,5.343165,0.2435295714507637
transport_sweep,0.08,21,conchas,74,0.23647027184435584,0.12411819541700089,5.3565499999999995,0.24388714194384256
transport_sweep,0.08,22,conchas,64,0.26190516490569565,0.11967406907033691,5.364325,0.2399958501535265
transport_sweep,0.08,23,conchas,77,0.24306891263547925,0.11683883884772639,5.3522050000000005,0.24263226461590373
transport_sweep,0.08,24,conchas,75,0.2501372113245118,0.11286202884859299,5.349,0.2441028393810823
transport_sweep,0.08,25,conchas,64,0.23562369923883794,0.12711065685358713,5.3643600000000005,0.24365789528877405
transport_sweep,0.08,26,conchas,64,0.24267223770116933,0.11440177580466149,5.34658,0.2440978986454643
transport_sweep,0.08,27,conchas,65,0.23318395995702387,0.1131315972191705,5.363865,0.24381552323850195
transport_sweep,0.08,28,conchas,73,0.2329844348049197,0.1262091439097484,5.319845,0.24920149121258411
transport_sweep,0.08,29,conchas,73,0.24907741859145982,0.11527252204324455,5.336865,0.2429266070807283
transport_sweep,0.08,3,conchas,72,0.2405358505561162,0.11401765126818796,5.363925,0.23960899602567956
transport_sweep,0.08,4,conchas,64,0.24522319132063453,0.11831790915364607,5.34677,0.2442260267405732
transport_sweep,0.08,5,conchas,64,0.2422651356574076,0.11366967642513318,5.3483,0.24264237259166596
transport_sweep,0.08,6,conchas,73,0.23265312726784645,0.12219114713159507,5.339555000000001,0.24710514237274467
transport_sweep,0.08,7,conchas,68,0.23616536820838444,0.11512305851990694,5.338855,0.245955871921506
transport_sweep,0.08,8,conchas,64,0.23954743294492575,0.11359946977628786,5.318745,0.2450419522149488
transport_sweep,0.08,9,conchas,74,0.2457218724676272,0.10903221676588662,5.331989999999999,0.24470519096990695
transport_sweep,0.18,0,conchas,90,0.24198119101090465,0.18501638594619313,5.3307899999999995,0.24641647164784558
transport_sweep,0.18,1,conchas,65,0.25041170168842203,0.18727912369073318,5.2971900000000005,0.24603661307974342
transport_sweep,0.18,10,conchas,78,0.24681700741023524,0.1974808485562758,5.33468,0.2470410471210956
transport_sweep,0.18,11,conchas,91,0.2564535148875498,0.18310563732570512,5.3527,0.24260567006261433
transport_sweep,0.18,12,conchas,77,0.23227820862609905,0.17689867971381507,5.306135,0.25135059175720714
transport_sweep,0.18,13,conchas,77,0.23487928159645455,0.18063837776943298,5.34801,0.24291195326687554
transport_sweep,0.18,14,conchas,90,0.2524484459707427,0.1716212432331529,5.32408,0.2481262214286925
transport_sweep,0.18,15,conchas,86,0.23450339869065462,0.17078847371754274,5.325950000000001,0.2455928962681958
transport_sweep,0.18,16,conchas,78,0.2302260274130871,0.18958616411650026,5.345445,0.24696939884652636
transport_sweep,0.18,17,conchas,77,0.2356181544016303,0.17406836268956272,5.33702,0.24534987657774895
transport_sweep,0.18,18,conchas,103,0.25489476437676467,0.17984591591247565,5.360815,0.24513047045279826
transport_sweep,0.18,19,conchas,85,0.23822423424760275,0.1805727471385565,5.3148800000000005,0.24805961403152163
transport_sweep,0.18,2,conchas,77,0.23668181500567737,0.17152658662092624,5.305625,0.24646063774185228
transport_sweep,0.18,20,conchas,77,0.2347339312896983,0.17748513549852102,5.338605,0.24205183349823498
transport_sweep,0.18,21,conchas,90,0.24324286336270767,0.17705852017386606,5.308655,0.24651325650562353
transport_sweep,0.18,22,conchas,78,0.24490066129724566,0.17028503580795215,5.332865000000001,0.2436085266258883
transport_sweep,0.18,23,conchas,86,0.2512871659387803,0.18602736107766288,5.30957,0.24614804946087532
transport_sweep,0.18,24,conchas,78,0.24033810538197492,0.1915432668310317,5.346545,0.24869683507584944
transport_sweep,0.18,25,conchas,77,0.25458810426099615,0.1923236047701654,5.332925,0.24648480430429526
transport_sweep,0.18,26,conchas,90,0.26334966279387545,0.1854373786693335,5.33288,0.24835193970489378
transport_sweep,0.18,27,conchas,85,0.24279065384649964,0.18242379584655408,5.32885,0.24647016684035794
transport_sweep,0.18,28,conchas,85,0.24902414534023962,0.19757472950669355,5.317055,0.24980250113478697
transport_sweep,0.18,29,conchas,91,0.23853412654416262,0.18369023041335764,5.337895,0.245900241217677
transport_sweep,0.18,3,conchas,85,0.23467428489158323,0.17698049602696847,5.299144999999999,0.2456598599373999
transport_sweep,0.18,4,conchas,96,0.24006901868252287,0.1772211451886341,5.299205,0.24870434840364278
transport_sweep,0.18,5,conchas,86,0.24248594504934728,0.18994711741713455,5.34636,0.24583945473531862
transport_sweep,0.18,6,conchas,77,0.23833024918873272,0.18781163841145068,5.33912,0.24633529564661724
transport_sweep,0.18,7,conchas,90,0.2447533742841259,0.18628716276266064,5.33638,0.2491693872702216
transport_sweep,0.18,8,conchas,78,0.24510075054012326,0.19599041811188442,5.330805000000001,0.24581188151481878
transport_sweep,0.18,9,conchas,78,0.2517331184423006,0.19323089203751745,5.303495000000001,0.24820405027849002
