date,value,unit,source_id
1996-01-01,16517.0,"USD millones (BCRA, fin de mes)",bcra_data_reservas
1996-02-01,18372.0,"USD millones (BCRA, fin de mes)",bcra_data_reservas
1996-03-01,18646.0,"USD millones (BCRA, fin de mes)",bcra_data_reservas
1996-04-01,17763.0,"USD millones (BCRA, fin de mes)",bcra_data_reservas
1996-05-01,18073.0,"USD millones (BCRA, fin de mes)",bcra_data_reservas
1996-06-01,19974.0,"USD millones (BCRA, fin de mes)",bcra_data_reservas
1996-07-01,19719.0,"USD millones (BCRA, fin de mes)",bcra_data_reservas
1996-08-01,19530.0,"USD millones (BCRA, fin de mes)",bcra_data_reservas
1996-09-01,19984.0,"USD millones (BCRA, fin de mes)",bcra_data_reservas
1996-10-01,19288.0,"USD millones (BCRA, fin de mes)",bcra_data_reservas
1996-11-01,20033.0,"USD millones (BCRA, fin de mes)",bcra_data_reservas
1996-12-01,23330.0,"USD millones (BCRA, fin de mes)",bcra_data_reservas
1997-01-01,23426.0,"USD millones (BCRA, fin de mes)",bcra_data_reservas
1997-02-01,25155.0,"USD millones (BCRA, fin de mes)",bcra_data_reservas
1997-03-01,24406.0,"USD millones (BCRA, fin de mes)",bcra_data_reservas
1997-04-01,24028.0,"USD millones (BCRA, fin de mes)",bcra_data_reservas
1997-05-01,26007.0,"USD millones (BCRA, fin de mes)",bcra_data_reservas
1997-06-01,25862.0,"USD millones (BCRA, fin de mes)",bcra_data_reservas
1997-07-01,26863.0,"USD millones (BCRA, fin de mes)",bcra_data_reservas
1997-08-01,27879.0,"USD millones (BCRA, fin de mes)",bcra_data_reservas
1997-09-01,26521.0,"USD millones (BCRA, fin de mes)",bcra_data_reservas
1997-10-01,27591.0,"USD millones (BCRA, fin de mes)",bcra_data_reservas
1997-11-01,27331.0,"USD millones (BCRA, fin de mes)",bcra_data_reservas
1997-12-01,29769.0,"USD millones (BCRA, fin de mes)",bcra_data_reservas
1998-01-01,27914.0,"USD millones (BCRA, fin de mes)",bcra_data_reservas
1998-02-01,31325.0,"USD millones (BCRA, fin de mes)",bcra_data_reservas
1998-03-01,29993.0,"USD millones (BCRA, fin de mes)",bcra_data_reservas
1998-04-01,29941.0,"USD millones (BCRA, fin de mes)",bcra_data_reservas
1998-05-01,30462.0,"USD millones (BCRA, fin de mes)",bcra_data_reservas
1998-06-01,30919.0,"USD millones (BCRA, fin de mes)",bcra_data_reservas
1998-07-01,33513.0,"USD millones (BCRA, fin de mes)",bcra_data_reservas
1998-08-01,31766.0,"USD millones (BCRA, fin de mes)",bcra_data_reservas
1998-09-01,30716.0,"USD millones (BCRA, fin de mes)",bcra_data_reservas
1998-10-01,30283.0,"USD millones (BCRA, fin de mes)",bcra_data_reservas
1998-11-01,30468.0,"USD millones (BCRA, fin de mes)",bcra_data_reservas
1998-12-01,31736.0,"USD millones (BCRA, fin de mes)",bcra_data_reservas
1999-01-01,30931.0,"USD millones (BCRA, fin de mes)",bcra_data_reservas
1999-02-01,33342.0,"USD millones (BCRA, fin de mes)",bcra_data_reservas
1999-03-01,31725.0,"USD millones (BCRA, fin de mes)",bcra_data_reservas
1999-04-01,30522.0,"USD millones (BCRA, fin de mes)",bcra_data_reservas
1999-05-01,31403.0,"USD millones (BCRA, fin de mes)",bcra_data_reservas
1999-06-01,32192.0,"USD millones (BCRA, fin de mes)",bcra_data_reservas
1999-07-01,31933.0,"USD millones (BCRA, fin de mes)",bcra_data_reservas
1999-08-01,30856.0,"USD millones (BCRA, fin de mes)",bcra_data_reservas
1999-09-01,32084.0,"USD millones (BCRA, fin de mes)",bcra_data_reservas
1999-10-01,32041.0,"USD millones (BCRA, fin de mes)",bcra_data_reservas
1999-11-01,32427.0,"USD millones (BCRA, fin de mes)",bcra_data_reservas
1999-12-01,33100.0,"USD millones (BCRA, fin de mes)",bcra_data_reservas
2000-01-01,31100.0,"USD millones (BCRA, fin de mes)",bcra_data_reservas
2000-02-01,32255.0,"USD millones (BCRA, fin de mes)",bcra_data_reservas
2000-03-01,32976.0,"USD millones (BCRA, fin de mes)",bcra_data_reservas
2000-04-01,31182.0,"USD millones (BCRA, fin de mes)",bcra_data_reservas
2000-05-01,30601.0,"USD millones (BCRA, fin de mes)",bcra_data_reservas
2000-06-01,34355.0,"USD millones (BCRA, fin de mes)",bcra_data_reservas
2000-07-01,33845.0,"USD millones (BCRA, fin de mes)",bcra_data_reservas
2000-08-01,31831.0,"USD millones (BCRA, fin de mes)",bcra_data_reservas
2000-09-01,33219.0,"USD millones (BCRA, fin de mes)",bcra_data_reservas
2000-10-01,31751.0,"USD millones (BCRA, fin de mes)",bcra_data_reservas
2000-11-01,29571.0,"USD millones (BCRA, fin de mes)",bcra_data_reservas
2000-12-01,34234.0,"USD millones (BCRA, fin de mes)",bcra_data_reservas
2001-01-01,36153.0,"USD millones (BCRA, fin de mes)",bcra_data_reservas
2001-02-01,33219.0,"USD millones (BCRA, fin de mes)",bcra_data_reservas
2001-03-01,29812.0,"USD millones (BCRA, fin de mes)",bcra_data_reservas
2001-04-01,26464.0,"USD millones (BCRA, fin de mes)",bcra_data_reservas
2001-05-01,25570.0,"USD millones (BCRA, fin de mes)",bcra_data_reservas
2001-06-01,27266.0,"USD millones (BCRA, fin de mes)",bcra_data_reservas
2001-07-01,20257.0,"USD millones (BCRA, fin de mes)",bcra_data_reservas
2001-08-01,17467.0,"USD millones (BCRA, fin de mes)",bcra_data_reservas
2001-09-01,24799.0,"USD millones (BCRA, fin de mes)",bcra_data_reservas
2001-10-01,21190.0,"USD millones (BCRA, fin de mes)",bcra_data_reservas
2001-11-01,15195.0,"USD millones (BCRA, fin de mes)",bcra_data_reservas
2001-12-01,15232.0,"USD millones (BCRA, fin de mes)",bcra_data_reservas
2002-01-01,14069.0,"USD millones (BCRA, fin de mes)",bcra_data_reservas
2002-02-01,13883.0,"USD millones (BCRA, fin de mes)",bcra_data_reservas
2002-03-01,12780.0,"USD millones (BCRA, fin de mes)",bcra_data_reservas
2002-04-01,12171.0,"USD millones (BCRA, fin de mes)",bcra_data_reservas
2002-05-01,10185.0,"USD millones (BCRA, fin de mes)",bcra_data_reservas
2002-06-01,9629.0,"USD millones (BCRA, fin de mes)",bcra_data_reservas
2002-07-01,8986.0,"USD millones (BCRA, fin de mes)",bcra_data_reservas
2002-08-01,9102.0,"USD millones (BCRA, fin de mes)",bcra_data_reservas
2002-09-01,9404.0,"USD millones (BCRA, fin de mes)",bcra_data_reservas
2002-10-01,9883.0,"USD millones (BCRA, fin de mes)",bcra_data_reservas
2002-11-01,10022.0,"USD millones (BCRA, fin de mes)",bcra_data_reservas
2002-12-01,10476.0,"USD millones (BCRA, fin de mes)",bcra_data_reservas
2003-01-01,9326.0,"USD millones (BCRA, fin de mes)",bcra_data_reservas
2003-02-01,10288.0,"USD millones (BCRA, fin de mes)",bcra_data_reservas
2003-03-01,10517.0,"USD millones (BCRA, fin de mes)",bcra_data_reservas
2003-04-01,10971.0,"USD millones (BCRA, fin de mes)",bcra_data_reservas
2003-05-01,11374.0,"USD millones (BCRA, fin de mes)",bcra_data_reservas
2003-06-01,12183.0,"USD millones (BCRA, fin de mes)",bcra_data_reservas
2003-07-01,13485.0,"USD millones (BCRA, fin de mes)",bcra_data_reservas
2003-08-01,13584.0,"USD millones (BCRA, fin de mes)",bcra_data_reservas
2003-09-01,13406.0,"USD millones (BCRA, fin de mes)",bcra_data_reservas
2003-10-01,12902.0,"USD millones (BCRA, fin de mes)",bcra_data_reservas
2003-11-01,13483.0,"USD millones (BCRA, fin de mes)",bcra_data_reservas
2003-12-01,14119.0,"USD millones (BCRA, fin de mes)",bcra_data_reservas
2004-01-01,14920.0,"USD millones (BCRA, fin de mes)",bcra_data_reservas
2004-02-01,15003.0,"USD millones (BCRA, fin de mes)",bcra_data_reservas
2004-03-01,15003.0,"USD millones (BCRA, fin de mes)",bcra_data_reservas
2004-04-01,15763.0,"USD millones (BCRA, fin de mes)",bcra_data_reservas
2004-05-01,16705.0,"USD millones (BCRA, fin de mes)",bcra_data_reservas
2004-06-01,17443.0,"USD millones (BCRA, fin de mes)",bcra_data_reservas
2004-07-01,18068.0,"USD millones (BCRA, fin de mes)",bcra_data_reservas
2004-08-01,18076.0,"USD millones (BCRA, fin de mes)",bcra_data_reservas
2004-09-01,18224.0,"USD millones (BCRA, fin de mes)",bcra_data_reservas
2004-10-01,18587.0,"USD millones (BCRA, fin de mes)",bcra_data_reservas
2004-11-01,18944.0,"USD millones (BCRA, fin de mes)",bcra_data_reservas
2004-12-01,19646.0,"USD millones (BCRA, fin de mes)",bcra_data_reservas
2005-01-01,20137.0,"USD millones (BCRA, fin de mes)",bcra_data_reservas
2005-02-01,20792.0,"USD millones (BCRA, fin de mes)",bcra_data_reservas
2005-03-01,20339.0,"USD millones (BCRA, fin de mes)",bcra_data_reservas
2005-04-01,20904.0,"USD millones (BCRA, fin de mes)",bcra_data_reservas
2005-05-01,22103.0,"USD millones (BCRA, fin de mes)",bcra_data_reservas
2005-06-01,23052.0,"USD millones (BCRA, fin de mes)",bcra_data_reservas
2005-07-01,25105.0,"USD millones (BCRA, fin de mes)",bcra_data_reservas
2005-08-01,25252.0,"USD millones (BCRA, fin de mes)",bcra_data_reservas
2005-09-01,25614.0,"USD millones (BCRA, fin de mes)",bcra_data_reservas
2005-10-01,26548.0,"USD millones (BCRA, fin de mes)",bcra_data_reservas
2005-11-01,26525.0,"USD millones (BCRA, fin de mes)",bcra_data_reservas
2005-12-01,28077.0,"USD millones (BCRA, fin de mes)",bcra_data_reservas
2006-01-01,19689.0,"USD millones (BCRA, fin de mes)",bcra_data_reservas
2006-02-01,20532.0,"USD millones (BCRA, fin de mes)",bcra_data_reservas
2006-03-01,21549.0,"USD millones (BCRA, fin de mes)",bcra_data_reservas
2006-04-01,22400.0,"USD millones (BCRA, fin de mes)",bcra_data_reservas
2006-05-01,24162.0,"USD millones (BCRA, fin de mes)",bcra_data_reservas
2006-06-01,25490.0,"USD millones (BCRA, fin de mes)",bcra_data_reservas
2006-07-01,26223.0,"USD millones (BCRA, fin de mes)",bcra_data_reservas
2006-08-01,27397.0,"USD millones (BCRA, fin de mes)",bcra_data_reservas
2006-09-01,28048.0,"USD millones (BCRA, fin de mes)",bcra_data_reservas
2006-10-01,29082.0,"USD millones (BCRA, fin de mes)",bcra_data_reservas
2006-11-01,30328.0,"USD millones (BCRA, fin de mes)",bcra_data_reservas
2006-12-01,32037.0,"USD millones (BCRA, fin de mes)",bcra_data_reservas
2007-01-01,33739.0,"USD millones (BCRA, fin de mes)",bcra_data_reservas
2007-02-01,34936.0,"USD millones (BCRA, fin de mes)",bcra_data_reservas
2007-03-01,36849.0,"USD millones (BCRA, fin de mes)",bcra_data_reservas
2007-04-01,38606.0,"USD millones (BCRA, fin de mes)",bcra_data_reservas
2007-05-01,40581.0,"USD millones (BCRA, fin de mes)",bcra_data_reservas
2007-06-01,43157.0,"USD millones (BCRA, fin de mes)",bcra_data_reservas
2007-07-01,44202.0,"USD millones (BCRA, fin de mes)",bcra_data_reservas
2007-08-01,43160.0,"USD millones (BCRA, fin de mes)",bcra_data_reservas
2007-09-01,42891.0,"USD millones (BCRA, fin de mes)",bcra_data_reservas
2007-10-01,43000.0,"USD millones (BCRA, fin de mes)",bcra_data_reservas
2007-11-01,44860.0,"USD millones (BCRA, fin de mes)",bcra_data_reservas
2007-12-01,46166.0,"USD millones (BCRA, fin de mes)",bcra_data_reservas
2008-01-01,47660.0,"USD millones (BCRA, fin de mes)",bcra_data_reservas
2008-02-01,49261.0,"USD millones (BCRA, fin de mes)",bcra_data_reservas
2008-03-01,50464.0,"USD millones (BCRA, fin de mes)",bcra_data_reservas
2008-04-01,50247.0,"USD millones (BCRA, fin de mes)",bcra_data_reservas
2008-05-01,48588.0,"USD millones (BCRA, fin de mes)",bcra_data_reservas
2008-06-01,47516.0,"USD millones (BCRA, fin de mes)",bcra_data_reservas
2008-07-01,47545.0,"USD millones (BCRA, fin de mes)",bcra_data_reservas
2008-08-01,47090.0,"USD millones (BCRA, fin de mes)",bcra_data_reservas
2008-09-01,47121.0,"USD millones (BCRA, fin de mes)",bcra_data_reservas
2008-10-01,44941.0,"USD millones (BCRA, fin de mes)",bcra_data_reservas
2008-11-01,46072.0,"USD millones (BCRA, fin de mes)",bcra_data_reservas
2008-12-01,46386.0,"USD millones (BCRA, fin de mes)",bcra_data_reservas
2009-01-01,47009.0,"USD millones (BCRA, fin de mes)",bcra_data_reservas
2009-02-01,47025.0,"USD millones (BCRA, fin de mes)",bcra_data_reservas
2009-03-01,46509.0,"USD millones (BCRA, fin de mes)",bcra_data_reservas
2009-04-01,46368.0,"USD millones (BCRA, fin de mes)",bcra_data_reservas
2009-05-01,46545.0,"USD millones (BCRA, fin de mes)",bcra_data_reservas
2009-06-01,46026.0,"USD millones (BCRA, fin de mes)",bcra_data_reservas
2009-07-01,46047.0,"USD millones (BCRA, fin de mes)",bcra_data_reservas
2009-08-01,45021.0,"USD millones (BCRA, fin de mes)",bcra_data_reservas
2009-09-01,45348.0,"USD millones (BCRA, fin de mes)",bcra_data_reservas
2009-10-01,46277.0,"USD millones (BCRA, fin de mes)",bcra_data_reservas
2009-11-01,47072.0,"USD millones (BCRA, fin de mes)",bcra_data_reservas
2009-12-01,47967.0,"USD millones (BCRA, fin de mes)",bcra_data_reservas
2010-01-01,48129.0,"USD millones (BCRA, fin de mes)",bcra_data_reservas
2010-02-01,47758.0,"USD millones (BCRA, fin de mes)",bcra_data_reservas
2010-03-01,47460.0,"USD millones (BCRA, fin de mes)",bcra_data_reservas
2010-04-01,48067.0,"USD millones (BCRA, fin de mes)",bcra_data_reservas
2010-05-01,49000.0,"USD millones (BCRA, fin de mes)",bcra_data_reservas
2010-06-01,49240.0,"USD millones (BCRA, fin de mes)",bcra_data_reservas
2010-07-01,51073.0,"USD millones (BCRA, fin de mes)",bcra_data_reservas
2010-08-01,50348.0,"USD millones (BCRA, fin de mes)",bcra_data_reservas
2010-09-01,51125.0,"USD millones (BCRA, fin de mes)",bcra_data_reservas
2010-10-01,51918.0,"USD millones (BCRA, fin de mes)",bcra_data_reservas
2010-11-01,51896.0,"USD millones (BCRA, fin de mes)",bcra_data_reservas
2010-12-01,52145.0,"USD millones (BCRA, fin de mes)",bcra_data_reservas
2011-01-01,52618.0,"USD millones (BCRA, fin de mes)",bcra_data_reservas
2011-02-01,52318.0,"USD millones (BCRA, fin de mes)",bcra_data_reservas
2011-03-01,51298.0,"USD millones (BCRA, fin de mes)",bcra_data_reservas
2011-04-01,52011.0,"USD millones (BCRA, fin de mes)",bcra_data_reservas
2011-05-01,52060.0,"USD millones (BCRA, fin de mes)",bcra_data_reservas
2011-06-01,51695.0,"USD millones (BCRA, fin de mes)",bcra_data_reservas
2011-07-01,51923.0,"USD millones (BCRA, fin de mes)",bcra_data_reservas
2011-08-01,49990.0,"USD millones (BCRA, fin de mes)",bcra_data_reservas
2011-09-01,48590.0,"USD millones (BCRA, fin de mes)",bcra_data_reservas
2011-10-01,47523.0,"USD millones (BCRA, fin de mes)",bcra_data_reservas
2011-11-01,46062.0,"USD millones (BCRA, fin de mes)",bcra_data_reservas
2011-12-01,46376.0,"USD millones (BCRA, fin de mes)",bcra_data_reservas
2012-01-01,46594.0,"USD millones (BCRA, fin de mes)",bcra_data_reservas
2012-02-01,46668.0,"USD millones (BCRA, fin de mes)",bcra_data_reservas
2012-03-01,47291.0,"USD millones (BCRA, fin de mes)",bcra_data_reservas
2012-04-01,47844.0,"USD millones (BCRA, fin de mes)",bcra_data_reservas
2012-05-01,46978.0,"USD millones (BCRA, fin de mes)",bcra_data_reservas
2012-06-01,46348.0,"USD millones (BCRA, fin de mes)",bcra_data_reservas
2012-07-01,46818.0,"USD millones (BCRA, fin de mes)",bcra_data_reservas
2012-08-01,45152.0,"USD millones (BCRA, fin de mes)",bcra_data_reservas
2012-09-01,45010.0,"USD millones (BCRA, fin de mes)",bcra_data_reservas
2012-10-01,45274.0,"USD millones (BCRA, fin de mes)",bcra_data_reservas
2012-11-01,45238.0,"USD millones (BCRA, fin de mes)",bcra_data_reservas
2012-12-01,43290.0,"USD millones (BCRA, fin de mes)",bcra_data_reservas
2013-01-01,42531.0,"USD millones (BCRA, fin de mes)",bcra_data_reservas
2013-02-01,41609.0,"USD millones (BCRA, fin de mes)",bcra_data_reservas
2013-03-01,40446.0,"USD millones (BCRA, fin de mes)",bcra_data_reservas
2013-04-01,39532.0,"USD millones (BCRA, fin de mes)",bcra_data_reservas
2013-05-01,38551.0,"USD millones (BCRA, fin de mes)",bcra_data_reservas
2013-06-01,37005.0,"USD millones (BCRA, fin de mes)",bcra_data_reservas
2013-07-01,37049.0,"USD millones (BCRA, fin de mes)",bcra_data_reservas
2013-08-01,36678.0,"USD millones (BCRA, fin de mes)",bcra_data_reservas
2013-09-01,34741.0,"USD millones (BCRA, fin de mes)",bcra_data_reservas
2013-10-01,33232.0,"USD millones (BCRA, fin de mes)",bcra_data_reservas
2013-11-01,30799.0,"USD millones (BCRA, fin de mes)",bcra_data_reservas
2013-12-01,30600.0,"USD millones (BCRA, fin de mes)",bcra_data_reservas
2014-01-01,27748.0,"USD millones (BCRA, fin de mes)",bcra_data_reservas
2014-02-01,27546.0,"USD millones (BCRA, fin de mes)",bcra_data_reservas
2014-03-01,27007.0,"USD millones (BCRA, fin de mes)",bcra_data_reservas
2014-04-01,28220.0,"USD millones (BCRA, fin de mes)",bcra_data_reservas
2014-05-01,28542.0,"USD millones (BCRA, fin de mes)",bcra_data_reservas
2014-06-01,29278.0,"USD millones (BCRA, fin de mes)",bcra_data_reservas
2014-07-01,29003.0,"USD millones (BCRA, fin de mes)",bcra_data_reservas
2014-08-01,28620.0,"USD millones (BCRA, fin de mes)",bcra_data_reservas
2014-09-01,27866.0,"USD millones (BCRA, fin de mes)",bcra_data_reservas
2014-10-01,28111.0,"USD millones (BCRA, fin de mes)",bcra_data_reservas
2014-11-01,28911.0,"USD millones (BCRA, fin de mes)",bcra_data_reservas
2014-12-01,31407.0,"USD millones (BCRA, fin de mes)",bcra_data_reservas
2015-01-01,31452.0,"USD millones (BCRA, fin de mes)",bcra_data_reservas
2015-02-01,31470.0,"USD millones (BCRA, fin de mes)",bcra_data_reservas
2015-03-01,31490.0,"USD millones (BCRA, fin de mes)",bcra_data_reservas
2015-04-01,33909.0,"USD millones (BCRA, fin de mes)",bcra_data_reservas
2015-05-01,33283.0,"USD millones (BCRA, fin de mes)",bcra_data_reservas
2015-06-01,33851.0,"USD millones (BCRA, fin de mes)",bcra_data_reservas
2015-07-01,33943.0,"USD millones (BCRA, fin de mes)",bcra_data_reservas
2015-08-01,33606.0,"USD millones (BCRA, fin de mes)",bcra_data_reservas
2015-09-01,33257.0,"USD millones (BCRA, fin de mes)",bcra_data_reservas
2015-10-01,26970.0,"USD millones (BCRA, fin de mes)",bcra_data_reservas
2015-11-01,25615.0,"USD millones (BCRA, fin de mes)",bcra_data_reservas
2015-12-01,25563.0,"USD millones (BCRA, fin de mes)",bcra_data_reservas
2016-01-01,30074.0,"USD millones (BCRA, fin de mes)",bcra_data_reservas
2016-02-01,28399.0,"USD millones (BCRA, fin de mes)",bcra_data_reservas
2016-03-01,29572.0,"USD millones (BCRA, fin de mes)",bcra_data_reservas
2016-04-01,34380.0,"USD millones (BCRA, fin de mes)",bcra_data_reservas
2016-05-01,30171.0,"USD millones (BCRA, fin de mes)",bcra_data_reservas
2016-06-01,30507.0,"USD millones (BCRA, fin de mes)",bcra_data_reservas
2016-07-01,32511.0,"USD millones (BCRA, fin de mes)",bcra_data_reservas
2016-08-01,31150.0,"USD millones (BCRA, fin de mes)",bcra_data_reservas
2016-09-01,29902.0,"USD millones (BCRA, fin de mes)",bcra_data_reservas
2016-10-01,37210.0,"USD millones (BCRA, fin de mes)",bcra_data_reservas
2016-11-01,37378.0,"USD millones (BCRA, fin de mes)",bcra_data_reservas
2016-12-01,39308.0,"USD millones (BCRA, fin de mes)",bcra_data_reservas
2017-01-01,46887.0,"USD millones (BCRA, fin de mes)",bcra_data_reservas
2017-02-01,50608.0,"USD millones (BCRA, fin de mes)",bcra_data_reservas
2017-03-01,50522.0,"USD millones (BCRA, fin de mes)",bcra_data_reservas
2017-04-01,48217.0,"USD millones (BCRA, fin de mes)",bcra_data_reservas
2017-05-01,46146.0,"USD millones (BCRA, fin de mes)",bcra_data_reservas
2017-06-01,47995.0,"USD millones (BCRA, fin de mes)",bcra_data_reservas
2017-07-01,47014.0,"USD millones (BCRA, fin de mes)",bcra_data_reservas
2017-08-01,48877.0,"USD millones (BCRA, fin de mes)",bcra_data_reservas
2017-09-01,50237.0,"USD millones (BCRA, fin de mes)",bcra_data_reservas
2017-10-01,51810.0,"USD millones (BCRA, fin de mes)",bcra_data_reservas
2017-11-01,54563.0,"USD millones (BCRA, fin de mes)",bcra_data_reservas
2017-12-01,55055.0,"USD millones (BCRA, fin de mes)",bcra_data_reservas
2018-01-01,62024.0,"USD millones (BCRA, fin de mes)",bcra_data_reservas
2018-02-01,61509.0,"USD millones (BCRA, fin de mes)",bcra_data_reservas
2018-03-01,61726.0,"USD millones (BCRA, fin de mes)",bcra_data_reservas
2018-04-01,56623.0,"USD millones (BCRA, fin de mes)",bcra_data_reservas
2018-05-01,50098.0,"USD millones (BCRA, fin de mes)",bcra_data_reservas
2018-06-01,61881.0,"USD millones (BCRA, fin de mes)",bcra_data_reservas
2018-07-01,57996.0,"USD millones (BCRA, fin de mes)",bcra_data_reservas
2018-08-01,52658.0,"USD millones (BCRA, fin de mes)",bcra_data_reservas
2018-09-01,49003.0,"USD millones (BCRA, fin de mes)",bcra_data_reservas
2018-10-01,53955.0,"USD millones (BCRA, fin de mes)",bcra_data_reservas
2018-11-01,51193.0,"USD millones (BCRA, fin de mes)",bcra_data_reservas
2018-12-01,65786.0,"USD millones (BCRA, fin de mes)",bcra_data_reservas
2019-01-01,66811.0,"USD millones (BCRA, fin de mes)",bcra_data_reservas
2019-02-01,68015.0,"USD millones (BCRA, fin de mes)",bcra_data_reservas
2019-03-01,66187.0,"USD millones (BCRA, fin de mes)",bcra_data_reservas
2019-04-01,71663.0,"USD millones (BCRA, fin de mes)",bcra_data_reservas
2019-05-01,64779.0,"USD millones (BCRA, fin de mes)",bcra_data_reservas
2019-06-01,64278.0,"USD millones (BCRA, fin de mes)",bcra_data_reservas
2019-07-01,67899.0,"USD millones (BCRA, fin de mes)",bcra_data_reservas
2019-08-01,54100.0,"USD millones (BCRA, fin de mes)",bcra_data_reservas
2019-09-01,48703.0,"USD millones (BCRA, fin de mes)",bcra_data_reservas
2019-10-01,43260.0,"USD millones (BCRA, fin de mes)",bcra_data_reservas
2019-11-01,43772.0,"USD millones (BCRA, fin de mes)",bcra_data_reservas
2019-12-01,44848.0,"USD millones (BCRA, fin de mes)",bcra_data_reservas
2020-01-01,44917.0,"USD millones (BCRA, fin de mes)",bcra_data_reservas
2020-02-01,44791.0,"USD millones (BCRA, fin de mes)",bcra_data_reservas
2020-03-01,43561.0,"USD millones (BCRA, fin de mes)",bcra_data_reservas
2020-04-01,43568.0,"USD millones (BCRA, fin de mes)",bcra_data_reservas
2020-05-01,42589.0,"USD millones (BCRA, fin de mes)",bcra_data_reservas
2020-06-01,43242.0,"USD millones (BCRA, fin de mes)",bcra_data_reservas
2020-07-01,43386.0,"USD millones (BCRA, fin de mes)",bcra_data_reservas
2020-08-01,42842.0,"USD millones (BCRA, fin de mes)",bcra_data_reservas
2020-09-01,41379.0,"USD millones (BCRA, fin de mes)",bcra_data_reservas
2020-10-01,39856.0,"USD millones (BCRA, fin de mes)",bcra_data_reservas
2020-11-01,38652.0,"USD millones (BCRA, fin de mes)",bcra_data_reservas
2020-12-01,39387.0,"USD millones (BCRA, fin de mes)",bcra_data_reservas
2021-01-01,39515.0,"USD millones (BCRA, fin de mes)",bcra_data_reservas
2021-02-01,39518.0,"USD millones (BCRA, fin de mes)",bcra_data_reservas
2021-03-01,39593.0,"USD millones (BCRA, fin de mes)",bcra_data_reservas
2021-04-01,40263.0,"USD millones (BCRA, fin de mes)",bcra_data_reservas
2021-05-01,41872.0,"USD millones (BCRA, fin de mes)",bcra_data_reservas
2021-06-01,42437.0,"USD millones (BCRA, fin de mes)",bcra_data_reservas
2021-07-01,42582.0,"USD millones (BCRA, fin de mes)",bcra_data_reservas
2021-08-01,46180.0,"USD millones (BCRA, fin de mes)",bcra_data_reservas
2021-09-01,42911.0,"USD millones (BCRA, fin de mes)",bcra_data_reservas
2021-10-01,42817.0,"USD millones (BCRA, fin de mes)",bcra_data_reservas
2021-11-01,41530.0,"USD millones (BCRA, fin de mes)",bcra_data_reservas
2021-12-01,39662.0,"USD millones (BCRA, fin de mes)",bcra_data_reservas
2022-01-01,37589.0,"USD millones (BCRA, fin de mes)",bcra_data_reservas
2022-02-01,37018.0,"USD millones (BCRA, fin de mes)",bcra_data_reservas
2022-03-01,43137.0,"USD millones (BCRA, fin de mes)",bcra_data_reservas
2022-04-01,42007.0,"USD millones (BCRA, fin de mes)",bcra_data_reservas
2022-05-01,41561.0,"USD millones (BCRA, fin de mes)",bcra_data_reservas
2022-06-01,42787.0,"USD millones (BCRA, fin de mes)",bcra_data_reservas
2022-07-01,38232.0,"USD millones (BCRA, fin de mes)",bcra_data_reservas
2022-08-01,36734.0,"USD millones (BCRA, fin de mes)",bcra_data_reservas
2022-09-01,37625.0,"USD millones (BCRA, fin de mes)",bcra_data_reservas
2022-10-01,38676.0,"USD millones (BCRA, fin de mes)",bcra_data_reservas
2022-11-01,38009.0,"USD millones (BCRA, fin de mes)",bcra_data_reservas
2022-12-01,44598.0,"USD millones (BCRA, fin de mes)",bcra_data_reservas
2023-01-01,41417.0,"USD millones (BCRA, fin de mes)",bcra_data_reservas
2023-02-01,38709.0,"USD millones (BCRA, fin de mes)",bcra_data_reservas
2023-03-01,39060.0,"USD millones (BCRA, fin de mes)",bcra_data_reservas
2023-04-01,35001.0,"USD millones (BCRA, fin de mes)",bcra_data_reservas
2023-05-01,33001.0,"USD millones (BCRA, fin de mes)",bcra_data_reservas
2023-06-01,27926.0,"USD millones (BCRA, fin de mes)",bcra_data_reservas
2023-07-01,24092.0,"USD millones (BCRA, fin de mes)",bcra_data_reservas
2023-08-01,27818.0,"USD millones (BCRA, fin de mes)",bcra_data_reservas
2023-09-01,26925.0,"USD millones (BCRA, fin de mes)",bcra_data_reservas
2023-10-01,22559.0,"USD millones (BCRA, fin de mes)",bcra_data_reservas
2023-11-01,21513.0,"USD millones (BCRA, fin de mes)",bcra_data_reservas
2023-12-01,23073.0,"USD millones (BCRA, fin de mes)",bcra_data_reservas
2024-01-01,27642.0,"USD millones (BCRA, fin de mes)",bcra_data_reservas
2024-02-01,26690.0,"USD millones (BCRA, fin de mes)",bcra_data_reservas
2024-03-01,27127.0,"USD millones (BCRA, fin de mes)",bcra_data_reservas
2024-04-01,27578.0,"USD millones (BCRA, fin de mes)",bcra_data_reservas
2024-05-01,28664.0,"USD millones (BCRA, fin de mes)",bcra_data_reservas
2024-06-01,29022.0,"USD millones (BCRA, fin de mes)",bcra_data_reservas
2024-07-01,26402.0,"USD millones (BCRA, fin de mes)",bcra_data_reservas
2024-08-01,26719.0,"USD millones (BCRA, fin de mes)",bcra_data_reservas
2024-09-01,27172.0,"USD millones (BCRA, fin de mes)",bcra_data_reservas
2024-10-01,28618.0,"USD millones (BCRA, fin de mes)",bcra_data_reservas
2024-11-01,30214.0,"USD millones (BCRA, fin de mes)",bcra_data_reservas
2024-12-01,29640.0,"USD millones (BCRA, fin de mes)",bcra_data_reservas
2025-01-01,28310.0,"USD millones (BCRA, fin de mes)",bcra_data_reservas
2025-02-01,28117.0,"USD millones (BCRA, fin de mes)",bcra_data_reservas
2025-03-01,24986.0,"USD millones (BCRA, fin de mes)",bcra_data_reservas
2025-04-01,38928.0,"USD millones (BCRA, fin de mes)",bcra_data_reservas
2025-05-01,36919.0,"USD millones (BCRA, fin de mes)",bcra_data_reservas
2025-06-01,39973.0,"USD millones (BCRA, fin de mes)",bcra_data_reservas
2025-07-01,38866.0,"USD millones (BCRA, fin de mes)",bcra_data_reservas
2025-08-01,39986.0,"USD millones (BCRA, fin de mes)",bcra_data_reservas
2025-09-01,40374.0,"USD millones (BCRA, fin de mes)",bcra_data_reservas
2025-10-01,39382.0,"USD millones (BCRA, fin de mes)",bcra_data_reservas
2025-11-01,40335.0,"USD millones (BCRA, fin de mes)",bcra_data_reservas
2025-12-01,41095.0,"USD millones (BCRA, fin de mes)",bcra_data_reservas
2026-01-01,44503.0,"USD millones (BCRA, fin de mes)",bcra_data_reservas
2026-02-01,45566.0,"USD millones (BCRA, fin de mes)",bcra_data_reservas
2026-03-01,42052.0,"USD millones (BCRA, fin de mes)",bcra_data_reservas
2026-04-01,44516.0,"USD millones (BCRA, fin de mes)",bcra_data_reservas
2026-05-01,48193.0,"USD millones (BCRA, fin de mes)",bcra_data_reservas
2026-06-01,44870.0,"USD millones (BCRA, fin de mes)",bcra_data_reservas
2026-07-01,47599.0,"USD millones (BCRA, fin de mes)",bcra_data_reservas
2026-08-01,48259.0,"USD millones (BCRA, fin de mes)",bcra_data_reservas
2026-09-01,50617.0,"USD millones (BCRA, fin de mes)",bcra_data_reservas
