date,v2x_polyarchy,v2x_libdem,v2x_regime,v2x_regime_amb,v2xel_frefair,v2x_corr,v2x_freexp_altinf,v2x_cspart,v2cademmob,v2caautmob,v2x_civlib,v2x_rule,v2xnp_pres,e_boix_regime,e_p_polity,e_gdppc,e_miinflat,e_total_fuel_income_pc,e_pop,e_pt_coup,v2x_execorr,v2elturnhog,v2eltype_0,v2eltype_1,v2eltype_2,v2eltype_3,v2eltype_4,v2eltype_5,v2eltype_6,v2elvotsml,v2ellovtsm,source_id
1789-01-01,0.082,0.066,,,0.0,0.324,0.257,0.145,,,0.283,0.499,0.62,,,,-5.868,,,,0.447,,,,,,,,,,,vdem
1790-01-01,0.082,0.066,,,0.0,0.324,0.257,0.145,,,0.283,0.499,0.62,,,,0.443,,,,0.447,,,,,,,,,,,vdem
1791-01-01,0.082,0.066,,,0.0,0.324,0.257,0.145,,,0.283,0.499,0.62,,,,-3.915,,,,0.447,,,,,,,,,,,vdem
1792-01-01,0.082,0.066,,,0.0,0.324,0.257,0.145,,,0.283,0.499,0.62,,,,-16.971,,,,0.447,,,,,,,,,,,vdem
1793-01-01,0.082,0.066,,,0.0,0.324,0.257,0.145,,,0.283,0.499,0.62,,,,-8.726,,,,0.447,,,,,,,,,,,vdem
1794-01-01,0.082,0.066,,,0.0,0.324,0.257,0.145,,,0.283,0.499,0.62,,,,15.386,,,,0.447,,,,,,,,,,,vdem
1795-01-01,0.082,0.066,,,0.0,0.324,0.257,0.145,,,0.283,0.499,0.62,,,,12.623,,,,0.447,,,,,,,,,,,vdem
1796-01-01,0.082,0.066,,,0.0,0.324,0.257,0.145,,,0.283,0.499,0.62,,,,10.825,,,,0.447,,,,,,,,,,,vdem
1797-01-01,0.082,0.066,,,0.0,0.324,0.257,0.145,,,0.283,0.499,0.62,,,,6.889,,,,0.447,,,,,,,,,,,vdem
1798-01-01,0.082,0.066,,,0.0,0.324,0.257,0.145,,,0.283,0.499,0.62,,,,-9.11,,,,0.447,,,,,,,,,,,vdem
1799-01-01,0.082,0.066,,,0.0,0.324,0.257,0.145,,,0.283,0.499,0.62,,,,4.388,,,,0.447,,,,,,,,,,,vdem
1800-01-01,0.082,0.066,,,0.0,0.324,0.257,0.145,,,0.283,0.499,0.62,,,3.902,-5.967,,64.581,,0.447,,,,,,,,,,,vdem
1801-01-01,0.082,0.066,,,0.0,0.324,0.257,0.145,,,0.283,0.499,0.62,,,3.93,18.797,,64.464,,0.447,,,,,,,,,,,vdem
1802-01-01,0.082,0.066,,,0.0,0.324,0.257,0.145,,,0.283,0.499,0.62,,,3.953,-2.461,,64.211,,0.447,,,,,,,,,,,vdem
1803-01-01,0.082,0.066,,,0.0,0.324,0.257,0.145,,,0.283,0.499,0.62,,,3.97,22.593,,63.97,,0.447,,,,,,,,,,,vdem
1804-01-01,0.082,0.066,,,0.0,0.324,0.257,0.145,,,0.283,0.499,0.62,,,3.974,-2.573,,63.761,,0.447,,,,,,,,,,,vdem
1805-01-01,0.082,0.066,,,0.0,0.324,0.257,0.145,,,0.283,0.499,0.62,,,3.99,8.739,,63.524,,0.447,,,,,,,,,,,vdem
1806-01-01,0.082,0.066,,,0.0,0.324,0.257,0.145,,,0.283,0.499,0.62,,,3.997,-0.03,,63.422,,0.447,,,,,,,,,,,vdem
1807-01-01,0.082,0.066,,,0.0,0.324,0.257,0.145,,,0.283,0.499,0.62,,,4.005,-9.324,,63.182,,0.447,,,,,,,,,,,vdem
1808-01-01,0.082,0.066,,,0.0,0.324,0.257,0.145,,,0.283,0.499,0.62,,,4.022,-3.488,,62.961,,0.447,,,,,,,,,,,vdem
1809-01-01,0.082,0.066,,,0.0,0.324,0.257,0.145,,,0.283,0.499,0.62,,,4.037,9.89,,62.787,,0.447,,,,,,,,,,,vdem
1810-01-01,0.089,0.067,,,0.0,0.324,0.314,0.205,,,0.301,0.499,0.62,,,4.062,-9.689,,62.543,,0.447,,,,,,,,,,,vdem
1811-01-01,0.101,0.077,,,0.0,0.317,0.367,0.205,,,0.39,0.507,0.653,,,4.082,8.032,,62.424,,0.428,,,,,,,,,,,vdem
1812-01-01,0.101,0.077,,,0.0,0.317,0.367,0.205,,,0.39,0.507,0.653,,,4.1,4.957,,62.23,,0.428,,,,,,,,,,,vdem
1813-01-01,0.101,0.077,,,0.0,0.317,0.367,0.205,,,0.39,0.507,0.653,,,4.114,19.971,,62.051,,0.428,,,,,,,,,,,vdem
1814-01-01,0.101,0.077,,,0.0,0.317,0.367,0.205,,,0.39,0.507,0.653,,,4.124,34.986,,61.849,,0.428,,,,,,,,,,,vdem
1815-01-01,0.101,0.077,,,0.0,0.317,0.367,0.205,,,0.39,0.507,0.653,,,4.135,50.0,,61.619,,0.428,,,,,,,,,,,vdem
1816-01-01,0.132,0.082,,,0.0,0.317,0.367,0.205,,,0.39,0.507,0.653,,,4.157,10.0,,61.38,,0.428,,,,,,,,,,,vdem
1817-01-01,0.132,0.082,,,0.0,0.317,0.367,0.205,,,0.39,0.507,0.653,,,4.177,8.687,,61.223,,0.428,,,,,,,,,,,vdem
1818-01-01,0.132,0.082,,,0.0,0.317,0.367,0.205,,,0.39,0.507,0.653,,,4.188,7.374,,60.981,,0.428,,,,,,,,,,,vdem
1819-01-01,0.132,0.082,,,0.0,0.317,0.367,0.205,,,0.39,0.507,0.653,,,4.204,6.061,,60.705,,0.428,,,,,,,,,,,vdem
1820-01-01,0.136,0.088,,,0.0,0.317,0.35,0.205,,,0.393,0.513,0.703,,,4.214,6.459,,60.447,,0.428,,,,,,,,,,,vdem
1821-01-01,0.136,0.088,,,0.0,0.317,0.35,0.205,,,0.393,0.513,0.671,,,4.244,6.857,,61.861,,0.428,,,,,,,,,,,vdem
1822-01-01,0.136,0.088,,,0.0,0.317,0.35,0.205,,,0.393,0.513,0.671,,,4.284,-6.417,,63.277,,0.428,,,,,,,,,,,vdem
1823-01-01,0.136,0.088,,,0.0,0.317,0.35,0.205,,,0.393,0.513,0.671,,,4.327,14.286,,64.793,,0.428,,,,,,,,,,,vdem
1824-01-01,0.136,0.088,,,0.0,0.317,0.35,0.205,,,0.393,0.513,0.695,,,4.364,10.635,,66.24,,0.428,,,,,,,,,,,vdem
1825-01-01,0.136,0.088,,,0.0,0.317,0.35,0.205,,,0.393,0.513,0.695,0.0,-5.0,4.408,6.984,,67.922,,0.428,,,,,,,,,,,vdem
1826-01-01,0.155,0.092,,,0.0,0.317,0.35,0.205,,,0.393,0.513,0.695,0.0,-5.0,4.446,3.333,,69.462,,0.428,,,,,,,,,,,vdem
1827-01-01,0.147,0.091,,,0.0,0.317,0.35,0.205,,,0.393,0.513,0.695,0.0,-5.0,4.488,4.688,,71.038,,0.428,,,,,,,,,,,vdem
1828-01-01,0.127,0.087,,,0.0,0.317,0.35,0.205,,,0.393,0.513,0.695,0.0,-5.0,4.522,-1.429,,72.535,,0.428,,,,,,,,,,,vdem
1829-01-01,0.125,0.086,,,0.0,0.317,0.322,0.205,,,0.384,0.513,0.675,0.0,-88.0,4.556,-13.235,,74.283,,0.428,,,,,,,,,,,vdem
1830-01-01,0.1,0.086,,,0.0,0.317,0.233,0.205,,,0.322,0.547,0.675,0.0,-88.0,4.601,-0.8,,76.029,,0.428,,,,,,,,,,,vdem
1831-01-01,0.1,0.086,,,0.0,0.317,0.233,0.205,,,0.322,0.547,0.675,0.0,-88.0,4.635,-6.707,,77.826,,0.428,,,,,,,,,,,vdem
1832-01-01,0.1,0.086,,,0.0,0.317,0.233,0.205,,,0.322,0.547,0.675,0.0,-88.0,4.668,4.46,,79.63,,0.428,,,,,,,,,,,vdem
1833-01-01,0.1,0.086,,,0.0,0.317,0.233,0.205,,,0.322,0.547,0.675,0.0,-88.0,4.713,46.983,,81.393,,0.428,,,,,,,,,,,vdem
1834-01-01,0.1,0.086,,,0.0,0.317,0.233,0.205,,,0.322,0.547,0.675,0.0,-88.0,4.747,-1.944,,83.34,,0.428,,,,,,,,,,,vdem
1835-01-01,0.1,0.086,,,0.0,0.317,0.233,0.205,,,0.322,0.547,0.675,0.0,-5.0,4.78,18.125,,85.126,,0.428,,,,,,,,,,,vdem
1836-01-01,0.1,0.086,,,0.0,0.317,0.233,0.205,,,0.322,0.547,0.675,0.0,-5.0,4.822,2.0,,87.048,,0.428,,,,,,,,,,,vdem
1837-01-01,0.1,0.086,,,0.0,0.317,0.233,0.205,,,0.322,0.547,0.675,0.0,-5.0,4.864,13.096,,88.943,,0.428,,,,,,,,,,,vdem
1838-01-01,0.1,0.086,,,0.0,0.317,0.233,0.205,,,0.322,0.547,0.675,0.0,-5.0,4.897,24.981,,90.916,,0.428,,,,,,,,,,,vdem
1839-01-01,0.1,0.086,,,0.0,0.317,0.233,0.205,,,0.322,0.547,0.675,0.0,-5.0,4.926,-30.303,,92.846,,0.428,,,,,,,,,,,vdem
1840-01-01,0.1,0.076,,,0.0,0.317,0.233,0.205,,,0.322,0.519,0.738,0.0,-5.0,4.969,2.5,,95.005,,0.428,,,,,,,,,,,vdem
1841-01-01,0.1,0.076,,,0.0,0.317,0.233,0.205,,,0.322,0.519,0.738,0.0,-5.0,4.994,51.846,,97.115,,0.428,,,,,,,,,,,vdem
1842-01-01,0.1,0.076,,,0.0,0.317,0.233,0.205,,,0.322,0.519,0.738,0.0,-5.0,5.019,55.357,,99.157,,0.428,,,,,,,,,,,vdem
1843-01-01,0.1,0.076,,,0.0,0.317,0.233,0.205,,,0.322,0.519,0.738,0.0,-5.0,5.045,-3.077,,101.389,,0.428,,,,,,,,,,,vdem
1844-01-01,0.1,0.076,,,0.0,0.317,0.233,0.205,,,0.322,0.519,0.738,0.0,-5.0,5.08,4.563,,103.713,,0.428,,,,,,,,,,,vdem
1845-01-01,0.1,0.076,,,0.0,0.317,0.233,0.205,,,0.322,0.519,0.738,0.0,-5.0,5.108,-17.0,,105.864,,0.428,,,,,,,,,,,vdem
1846-01-01,0.1,0.076,,,0.0,0.317,0.233,0.205,,,0.322,0.519,0.738,0.0,-5.0,5.134,7.586,,108.211,,0.428,,,,,,,,,,,vdem
1847-01-01,0.1,0.076,,,0.0,0.317,0.233,0.205,,,0.322,0.519,0.738,0.0,-5.0,5.172,28.293,,110.557,,0.428,,,,,,,,,,,vdem
1848-01-01,0.1,0.076,,,0.0,0.317,0.233,0.205,,,0.322,0.519,0.738,0.0,-5.0,5.203,10.848,,113.004,,0.428,,,,,,,,,,,vdem
1849-01-01,0.1,0.076,,,0.0,0.317,0.233,0.205,,,0.322,0.519,0.738,0.0,-5.0,5.238,13.291,,115.306,,0.428,,,,,,,,,,,vdem
1850-01-01,0.1,0.08,,,0.0,0.317,0.233,0.205,,,0.34,0.519,0.738,0.0,-5.0,5.27,-11.172,,117.593,,0.428,,,,,,,,,,,vdem
1851-01-01,0.1,0.08,,,0.0,0.317,0.233,0.205,,,0.34,0.519,0.738,0.0,-5.0,5.318,55.982,,120.616,,0.428,,,,,,,,,,,vdem
1852-01-01,0.1,0.084,,,0.0,0.317,0.233,0.205,,,0.361,0.552,0.738,0.0,-88.0,5.369,52.335,,123.846,,0.428,,,,,,,,,,,vdem
1853-01-01,0.16,0.14,,,0.063,0.297,0.5,0.205,,,0.436,0.552,0.554,0.0,-3.0,5.411,55.556,,127.019,,0.428,,0.0,0.0,0.0,0.0,0.0,0.0,1.0,,,vdem
1854-01-01,0.171,0.143,,,0.191,0.297,0.5,0.205,,,0.436,0.552,0.554,0.0,-3.0,5.457,22.708,,130.307,,0.428,,1.0,0.0,0.0,0.0,0.0,0.0,0.0,,,vdem
1855-01-01,0.239,0.164,,,0.191,0.297,0.5,0.205,,,0.436,0.552,0.554,0.0,-3.0,5.497,-3.387,,133.544,,0.428,,,,,,,,,,,vdem
1856-01-01,0.238,0.164,,,0.188,0.297,0.5,0.205,,,0.436,0.552,0.554,0.0,-3.0,5.542,-12.075,,136.946,,0.428,,1.0,0.0,0.0,0.0,0.0,0.0,0.0,,,vdem
1857-01-01,0.26,0.171,,,0.188,0.297,0.5,0.205,,,0.436,0.552,0.554,0.0,-3.0,5.584,1.429,,140.427,,0.428,,,,,,,,,,,vdem
1858-01-01,0.262,0.171,,,0.189,0.297,0.5,0.205,,,0.436,0.552,0.554,0.0,-3.0,5.63,-2.778,,143.905,,0.428,,1.0,0.0,0.0,0.0,0.0,0.0,0.0,,,vdem
1859-01-01,0.26,0.171,,,0.189,0.297,0.5,0.205,,,0.436,0.552,0.554,0.0,-3.0,5.655,-0.956,,147.495,,0.428,,0.0,0.0,0.0,0.0,0.0,0.0,1.0,,,vdem
1860-01-01,0.279,0.193,,,0.295,0.297,0.604,0.205,,,0.514,0.58,0.529,0.0,-3.0,5.707,0.865,,151.218,,0.428,,1.0,0.0,0.0,0.0,0.0,0.0,0.0,,,vdem
1861-01-01,0.293,0.198,,,0.32,0.297,0.604,0.365,,,0.544,0.58,0.529,0.0,-3.0,5.767,-1.209,,154.813,,0.428,,,,,,,,,,,vdem
1862-01-01,0.317,0.237,,,0.324,0.269,0.633,0.365,,,0.548,0.676,0.346,0.0,-3.0,5.835,-3.284,,158.635,,0.309,,1.0,0.0,0.0,0.0,0.0,0.0,1.0,,,vdem
1863-01-01,0.33,0.259,,,0.324,0.269,0.709,0.365,,,0.678,0.703,0.27,0.0,-3.0,5.891,-5.358,,162.536,,0.309,,,,,,,,,,,vdem
1864-01-01,0.329,0.26,,,0.32,0.269,0.709,0.365,,,0.678,0.703,0.27,0.0,-3.0,5.946,-7.433,,166.41,,0.309,,1.0,0.0,0.0,0.0,0.0,0.0,0.0,,,vdem
1865-01-01,0.329,0.26,,,0.32,0.269,0.709,0.365,,,0.678,0.703,0.27,0.0,-3.0,5.998,-9.507,,170.456,,0.309,,,,,,,,,,,vdem
1866-01-01,0.33,0.26,,,0.323,0.269,0.709,0.365,,,0.678,0.703,0.27,0.0,-3.0,6.029,-9.339,,174.445,,0.309,,1.0,0.0,0.0,0.0,0.0,0.0,0.0,,,vdem
1867-01-01,0.33,0.26,,,0.323,0.269,0.709,0.365,,,0.678,0.703,0.27,0.0,-3.0,6.067,2.79,,178.835,,0.309,,,,,,,,,,,vdem
1868-01-01,0.329,0.259,,,0.32,0.269,0.709,0.365,,,0.678,0.703,0.27,0.0,-3.0,6.115,-1.424,,183.144,,0.309,,1.0,0.0,0.0,0.0,0.0,0.0,1.0,,,vdem
1869-01-01,0.329,0.259,,,0.32,0.269,0.709,0.365,,,0.678,0.703,0.27,0.0,-3.0,6.157,-5.637,,187.622,,0.309,,,,,,,,,,,vdem
1870-01-01,0.341,0.264,,,0.327,0.269,0.757,0.365,,,0.678,0.703,0.27,0.0,-3.0,6.198,4.646,,192.066,,0.309,,1.0,0.0,0.0,0.0,0.0,0.0,0.0,,,vdem
1871-01-01,0.341,0.264,,,0.327,0.269,0.757,0.365,,,0.678,0.703,0.27,0.0,-3.0,6.303,7.188,,197.793,,0.309,,,,,,,,,,,vdem
1872-01-01,0.337,0.263,,,0.322,0.269,0.757,0.365,,,0.678,0.703,0.27,0.0,-3.0,6.412,17.554,,203.478,,0.309,,1.0,0.0,0.0,0.0,0.0,0.0,0.0,,,vdem
1873-01-01,0.337,0.263,,,0.322,0.269,0.757,0.365,,,0.678,0.703,0.27,0.0,-3.0,6.522,7.603,,209.285,,0.309,,,,,,,,,,,vdem
1874-01-01,0.355,0.271,,,0.328,0.269,0.757,0.365,,,0.696,0.703,0.27,0.0,-3.0,6.636,-2.349,,215.425,,0.309,,1.0,0.0,0.0,0.0,0.0,0.0,1.0,,,vdem
1875-01-01,0.355,0.271,,,0.328,0.269,0.757,0.365,,,0.696,0.703,0.27,0.0,-3.0,6.742,-3.436,,221.585,,0.309,,,,,,,,,,,vdem
1876-01-01,0.353,0.27,,,0.32,0.269,0.757,0.365,,,0.696,0.703,0.27,0.0,-3.0,6.838,2.313,,227.858,,0.309,,1.0,0.0,0.0,0.0,0.0,0.0,0.0,,,vdem
1877-01-01,0.353,0.27,,,0.32,0.269,0.757,0.365,,,0.696,0.703,0.27,0.0,-3.0,6.972,12.0,,234.262,,0.309,,,,,,,,,,,vdem
1878-01-01,0.351,0.269,,,0.318,0.269,0.757,0.365,,,0.696,0.703,0.27,0.0,-3.0,6.91,2.174,,240.786,,0.309,,1.0,0.0,0.0,0.0,0.0,0.0,0.0,,,vdem
1879-01-01,0.351,0.269,,,0.318,0.269,0.757,0.365,,,0.696,0.703,0.27,0.0,-3.0,6.938,5.167,,247.579,,0.309,,,,,,,,,,,vdem
1880-01-01,0.351,0.271,,,0.328,0.269,0.757,0.445,,,0.696,0.703,0.27,0.0,1.0,6.971,1.879,,254.703,,0.309,,1.0,0.0,0.0,0.0,0.0,0.0,1.0,,,vdem
1881-01-01,0.351,0.271,,,0.328,0.269,0.757,0.445,,,0.696,0.703,0.27,0.0,1.0,7.206,-22.27,,262.249,,0.309,,,,,,,,,,,vdem
1882-01-01,0.35,0.27,,,0.312,0.269,0.757,0.445,,,0.696,0.703,0.27,0.0,1.0,7.836,-7.482,,269.354,,0.309,,1.0,0.0,0.0,0.0,0.0,0.0,0.0,,,vdem
1883-01-01,0.35,0.27,,,0.312,0.269,0.757,0.445,,,0.696,0.703,0.27,0.0,1.0,8.41,-6.706,,277.367,,0.309,,,,,,,,,,,vdem
1884-01-01,0.353,0.271,,,0.32,0.269,0.757,0.445,,,0.696,0.703,0.27,0.0,1.0,8.873,5.708,,286.069,,0.309,,1.0,0.0,0.0,0.0,0.0,0.0,0.0,,,vdem
1885-01-01,0.353,0.271,,,0.32,0.269,0.757,0.445,,,0.696,0.703,0.27,0.0,1.0,9.367,26.0,,295.675,,0.309,,,,,,,,,,,vdem
1886-01-01,0.351,0.269,,,0.315,0.269,0.757,0.445,,,0.696,0.703,0.27,0.0,1.0,9.585,-13.016,,305.322,,0.309,,1.0,0.0,0.0,0.0,0.0,0.0,1.0,,,vdem
1887-01-01,0.351,0.269,,,0.315,0.269,0.757,0.445,,,0.696,0.703,0.27,0.0,1.0,9.855,-8.759,,316.403,,0.309,,,,,,,,,,,vdem
1888-01-01,0.352,0.269,,,0.326,0.269,0.757,0.445,,,0.696,0.703,0.27,0.0,1.0,10.245,-15.0,,328.797,,0.309,,1.0,0.0,0.0,0.0,0.0,0.0,0.0,,,vdem
1889-01-01,0.352,0.269,,,0.326,0.269,0.757,0.445,,,0.696,0.703,0.27,0.0,1.0,10.427,14.353,,343.163,,0.309,,,,,,,,,,,vdem
1890-01-01,0.344,0.266,,,0.312,0.269,0.757,0.674,,,0.692,0.703,0.27,0.0,1.0,10.339,40.946,,357.831,,0.309,,1.0,0.0,0.0,0.0,0.0,0.0,0.0,,,vdem
1891-01-01,0.344,0.266,,,0.312,0.269,0.757,0.674,,,0.692,0.703,0.27,0.0,1.0,10.421,10.949,,372.022,,0.309,,,,,,,,,,,vdem
1892-01-01,0.346,0.268,,,0.33,0.269,0.757,0.674,,,0.692,0.703,0.27,0.0,1.0,10.968,-9.868,,383.881,,0.309,,1.0,0.0,0.0,0.0,0.0,0.0,1.0,,,vdem
1893-01-01,0.346,0.268,,,0.33,0.269,0.757,0.674,,,0.692,0.703,0.27,0.0,1.0,11.515,-9.051,,394.316,,0.309,,,,,,,,,,,vdem
1894-01-01,0.346,0.267,,,0.321,0.269,0.757,0.674,,,0.692,0.703,0.27,0.0,1.0,12.242,16.533,,405.02,,0.309,,1.0,0.0,0.0,0.0,0.0,0.0,0.0,,,vdem
1895-01-01,0.346,0.267,,,0.321,0.269,0.757,0.674,,,0.692,0.703,0.27,0.0,1.0,12.795,8.54,,416.45,,0.309,,,,,,,,,,,vdem
1896-01-01,0.344,0.265,,,0.32,0.269,0.757,0.674,,,0.692,0.703,0.27,0.0,1.0,12.899,6.853,,427.9,,0.309,,1.0,0.0,0.0,0.0,0.0,0.0,0.0,,,vdem
1897-01-01,0.344,0.265,,,0.32,0.269,0.757,0.674,,,0.692,0.703,0.27,0.0,1.0,12.265,-6.413,,440.742,,0.309,,,,,,,,,,,vdem
1898-01-01,0.347,0.268,,,0.334,0.269,0.757,0.674,,,0.692,0.703,0.27,0.0,1.0,12.188,-10.533,,454.837,,0.309,,1.0,0.0,0.0,0.0,0.0,0.0,1.0,,,vdem
1899-01-01,0.347,0.268,,,0.334,0.269,0.757,0.674,,,0.692,0.703,0.27,0.0,1.0,12.279,-9.645,,470.489,,0.309,,,,,,,,,,,vdem
1900-01-01,0.341,0.272,1.0,3.0,0.334,0.269,0.757,0.674,0.894,-0.726,0.683,0.703,0.27,0.0,1.0,11.82,7.535,0.0,489.514,,0.309,,,,,,,,,,,vdem
1901-01-01,0.341,0.272,1.0,3.0,0.334,0.269,0.757,0.674,0.894,-0.726,0.683,0.703,0.27,0.0,1.0,11.595,5.985,0.0,508.444,,0.309,,,,,,,,,,,vdem
1902-01-01,0.341,0.271,1.0,3.0,0.334,0.269,0.757,0.674,0.894,-0.726,0.678,0.703,0.27,0.0,1.0,11.535,2.511,0.0,527.983,,0.309,,,,,,,,,,,vdem
1903-01-01,0.341,0.271,1.0,3.0,0.334,0.269,0.757,0.674,0.894,-0.726,0.678,0.703,0.27,0.0,1.0,11.951,-0.964,0.0,548.345,,0.309,,,,,,,,,,,vdem
1904-01-01,0.331,0.268,1.0,3.0,0.29,0.269,0.757,0.674,0.894,-0.726,0.678,0.703,0.27,0.0,1.0,12.514,-3.755,0.0,569.167,,0.309,,0.0,0.0,0.0,0.0,0.0,0.0,1.0,,,vdem
1905-01-01,0.328,0.265,1.0,3.0,0.273,0.269,0.757,0.674,0.894,-0.726,0.679,0.703,0.27,0.0,1.0,13.119,15.751,0.0,591.579,,0.309,,,,,,,,,,,vdem
1906-01-01,0.328,0.265,1.0,3.0,0.273,0.269,0.757,0.674,0.894,-0.726,0.679,0.703,0.27,0.0,1.0,13.461,2.622,0.0,614.415,,0.309,,,,,,,,,,,vdem
1907-01-01,0.328,0.267,1.0,3.0,0.273,0.269,0.757,0.674,0.894,-0.726,0.679,0.703,0.27,0.0,1.0,13.692,6.691,0.0,636.714,,0.309,,,,,,,,,,,vdem
1908-01-01,0.328,0.267,1.0,3.0,0.273,0.269,0.757,0.674,0.894,-0.726,0.679,0.703,0.27,0.0,1.0,14.029,0.798,0.032,660.589,,0.309,,,,,,,,,,,vdem
1909-01-01,0.328,0.267,1.0,3.0,0.273,0.269,0.757,0.674,0.894,-0.726,0.679,0.703,0.27,0.0,1.0,14.297,5.43,0.044,684.599,,0.309,,,,,,,,,,,vdem
1910-01-01,0.354,0.279,1.0,3.0,0.378,0.269,0.757,0.674,0.894,-0.726,0.679,0.703,0.27,0.0,1.0,14.516,-0.751,0.04,710.944,,0.309,,0.0,0.0,0.0,0.0,0.0,0.0,1.0,,,vdem
1911-01-01,0.36,0.282,1.0,3.0,0.403,0.269,0.757,0.674,0.894,-0.726,0.679,0.703,0.27,0.0,1.0,14.472,0.757,0.025,735.628,,0.309,,,,,,,,,,,vdem
1912-01-01,0.419,0.314,1.0,3.0,0.595,0.269,0.757,0.674,0.894,-0.726,0.684,0.709,0.197,1.0,2.0,14.451,3.648,0.102,763.528,,0.309,0.0,1.0,0.0,0.0,0.0,0.0,0.0,0.0,,17.5,vdem
1913-01-01,0.427,0.323,1.0,3.0,0.623,0.269,0.757,0.654,0.894,-0.726,0.684,0.709,0.197,1.0,2.0,14.083,3.52,0.342,789.336,,0.309,,,,,,,,,,,vdem
1914-01-01,0.423,0.321,1.0,3.0,0.604,0.269,0.757,0.654,0.894,-0.726,0.684,0.709,0.197,1.0,2.0,13.359,5.51,0.589,812.93,,0.309,0.0,1.0,0.0,0.0,0.0,0.0,0.0,0.0,,11.8,vdem
1915-01-01,0.422,0.321,1.0,3.0,0.599,0.269,0.757,0.654,0.894,-0.726,0.684,0.709,0.197,1.0,2.0,12.945,7.5,0.837,836.782,,0.309,,,,,,,,,,,vdem
1916-01-01,0.443,0.353,1.0,3.0,0.642,0.257,0.796,0.637,0.894,-0.726,0.724,0.746,0.175,1.0,2.0,12.62,7.07,2.218,858.19,,0.261,2.0,1.0,0.0,0.0,0.0,0.0,0.0,1.0,13.4,13.4,vdem
1917-01-01,0.463,0.366,1.0,4.0,0.657,0.244,0.822,0.637,-0.728,0.115,0.738,0.759,0.175,1.0,2.0,12.44,17.202,3.696,879.117,,0.287,,,,,,,,,,,vdem
1918-01-01,0.472,0.37,1.0,4.0,0.697,0.244,0.822,0.637,-0.728,0.115,0.738,0.759,0.172,1.0,2.0,13.013,26.39,4.363,897.806,,0.287,0.0,1.0,0.0,0.0,0.0,0.0,0.0,0.0,,10.1,vdem
1919-01-01,0.467,0.367,1.0,4.0,0.705,0.244,0.795,0.637,-0.728,0.115,0.73,0.759,0.172,1.0,2.0,13.457,-5.982,3.727,917.831,,0.287,,,,,,,,,,,vdem
1920-01-01,0.475,0.371,1.0,4.0,0.702,0.244,0.822,0.637,-0.728,0.115,0.734,0.759,0.172,1.0,2.0,13.844,17.093,5.964,935.967,,0.287,0.0,1.0,0.0,0.0,0.0,0.0,0.0,0.0,,14.1,vdem
1921-01-01,0.476,0.371,1.0,4.0,0.701,0.244,0.822,0.637,-0.728,0.115,0.734,0.759,0.172,1.0,2.0,14.095,-11.348,4.526,955.872,,0.287,,,,,,,,,,,vdem
1922-01-01,0.481,0.37,1.0,4.0,0.727,0.215,0.822,0.637,-0.728,0.115,0.735,0.779,0.178,1.0,2.0,14.473,-15.625,6.14,980.015,,0.171,1.0,1.0,0.0,0.0,0.0,0.0,0.0,1.0,7.8,7.8,vdem
1923-01-01,0.487,0.377,1.0,4.0,0.735,0.215,0.834,0.637,-0.728,0.115,0.741,0.796,0.196,1.0,2.0,15.026,-1.923,5.748,1010.284,,0.171,,,,,,,,,,,vdem
1924-01-01,0.488,0.379,1.0,4.0,0.734,0.215,0.834,0.637,-0.728,0.115,0.754,0.796,0.196,1.0,2.0,15.38,1.961,8.061,1041.619,,0.171,0.0,1.0,0.0,0.0,0.0,0.0,0.0,0.0,,14.8,vdem
1925-01-01,0.488,0.379,1.0,4.0,0.734,0.215,0.834,0.637,-0.728,0.115,0.754,0.796,0.196,1.0,2.0,15.515,-2.92,12.252,1070.833,,0.171,,,,,,,,,,,vdem
1926-01-01,0.486,0.379,1.0,4.0,0.738,0.215,0.834,0.637,-0.728,0.115,0.754,0.796,0.196,1.0,2.0,15.672,-3.008,16.355,1099.9,,0.171,0.0,1.0,0.0,0.0,0.0,0.0,0.0,0.0,,11.3,vdem
1927-01-01,0.486,0.379,1.0,4.0,0.739,0.215,0.834,0.637,-0.728,0.115,0.754,0.796,0.196,1.0,2.0,15.934,-1.059,12.31,1130.772,,0.171,,,,,,,,,,,vdem
1928-01-01,0.486,0.377,1.0,4.0,0.732,0.221,0.834,0.637,-0.728,0.115,0.75,0.793,0.196,1.0,2.0,16.097,-0.535,11.472,1162.095,,0.202,1.0,1.0,0.0,0.0,0.0,0.0,0.0,1.0,9.9,9.9,vdem
1929-01-01,0.486,0.379,1.0,4.0,0.729,0.231,0.832,0.637,-0.728,0.115,0.749,0.785,0.193,1.0,2.0,15.972,0.538,13.313,1189.952,,0.245,,,,,,,,,,,vdem
1930-01-01,0.284,0.249,1.0,3.0,0.491,0.266,0.615,0.637,0.201,1.237,0.631,0.712,0.235,1.0,-8.0,15.428,1.07,12.047,1216.048,,0.28,0.0,1.0,0.0,0.0,0.0,0.0,0.0,0.0,,10.6,vdem
1931-01-01,0.118,0.121,1.0,3.0,0.057,0.301,0.315,0.637,-0.701,0.604,0.433,0.51,0.46,0.0,-8.0,14.78,-13.464,9.504,1244.466,,0.447,2.0,1.0,0.0,0.0,0.0,0.0,0.0,1.0,31.0,31.0,vdem
1932-01-01,0.245,0.218,1.0,3.0,0.387,0.33,0.366,0.644,-0.701,0.604,0.456,0.601,0.262,0.0,-8.0,14.39,-10.752,15.265,1269.18,,0.485,,,,,,,,,,,vdem
1933-01-01,0.29,0.248,1.0,3.0,0.387,0.364,0.582,0.644,-0.095,0.604,0.566,0.614,0.282,0.0,-8.0,14.321,12.733,13.35,1289.008,,0.485,,,,,,,,,,,vdem
1934-01-01,0.28,0.247,1.0,3.0,0.324,0.364,0.592,0.644,-0.095,0.604,0.569,0.627,0.261,0.0,-8.0,14.49,-11.295,18.908,1306.9,,0.485,0.0,1.0,0.0,0.0,0.0,0.0,0.0,0.0,,18.5,vdem
1935-01-01,0.28,0.247,1.0,3.0,0.311,0.364,0.611,0.644,-0.095,0.604,0.574,0.627,0.261,0.0,-8.0,14.655,6.66,17.693,1325.078,,0.485,,,,,,,,,,,vdem
1936-01-01,0.28,0.247,1.0,3.0,0.291,0.364,0.611,0.644,-0.095,0.604,0.576,0.627,0.261,0.0,-8.0,14.864,9.458,20.402,1346.764,,0.485,0.0,1.0,0.0,0.0,0.0,0.0,0.0,0.0,,22.7,vdem
1937-01-01,0.282,0.249,1.0,3.0,0.275,0.364,0.641,0.644,-0.095,0.604,0.583,0.627,0.261,0.0,5.0,15.162,2.265,21.727,1368.605,,0.485,1.0,0.0,0.0,0.0,0.0,0.0,0.0,1.0,41.5,,vdem
1938-01-01,0.284,0.248,1.0,3.0,0.284,0.364,0.641,0.644,-0.095,0.604,0.583,0.627,0.261,0.0,5.0,15.273,-1.148,21.764,1390.814,,0.485,0.0,1.0,0.0,0.0,0.0,0.0,0.0,0.0,,24.7,vdem
1939-01-01,0.285,0.249,1.0,3.0,0.291,0.364,0.641,0.644,-0.095,0.604,0.583,0.627,0.261,0.0,5.0,15.487,1.162,21.363,1415.343,,0.485,,,,,,,,,,,vdem
1940-01-01,0.297,0.249,1.0,3.0,0.334,0.364,0.641,0.644,-0.095,0.604,0.584,0.571,0.261,0.0,5.0,15.709,2.297,23.06,1439.893,,0.485,0.0,1.0,0.0,0.0,0.0,0.0,0.0,0.0,,24.8,vdem
1941-01-01,0.298,0.25,1.0,3.0,0.342,0.364,0.641,0.644,-0.095,0.604,0.584,0.571,0.261,0.0,5.0,15.933,10.345,25.56,1462.142,,0.485,,,,,,,,,,,vdem
1942-01-01,0.3,0.251,1.0,3.0,0.35,0.364,0.641,0.644,0.773,1.023,0.584,0.571,0.261,0.0,5.0,16.037,1.562,25.698,1485.142,,0.485,0.0,1.0,0.0,0.0,0.0,0.0,0.0,0.0,,12.9,vdem
1943-01-01,0.169,0.152,1.0,3.0,0.148,0.375,0.346,0.574,-0.115,0.608,0.433,0.502,0.27,0.0,-8.0,16.205,-3.077,27.946,1513.167,,0.567,,,,,,,,,,,vdem
1944-01-01,0.105,0.101,0.0,0.0,0.0,0.432,0.268,0.574,-0.691,2.263,0.402,0.382,0.45,0.0,-8.0,16.759,4.762,23.91,1542.398,,0.616,,,,,,,,,,,vdem
1945-01-01,0.089,0.11,0.0,0.0,0.0,0.462,0.249,0.553,-0.691,2.263,0.416,0.437,0.398,0.0,-8.0,17.064,19.697,18.911,1572.351,,0.616,,,,,,,,,,,vdem
1946-01-01,0.317,0.227,1.0,3.0,0.578,0.459,0.317,0.609,-0.691,-0.748,0.551,0.448,0.31,0.0,-88.0,17.739,18.987,16.431,1604.417,,0.73,2.0,1.0,0.0,0.0,0.0,0.0,0.0,1.0,43.6,27.6,vdem
1947-01-01,0.341,0.205,1.0,3.0,0.695,0.459,0.325,0.609,-0.691,-0.748,0.585,0.339,0.546,0.0,-88.0,18.433,14.894,25.071,1639.106,,0.73,,,,,,,,,,,vdem
1948-01-01,0.385,0.216,1.0,3.0,0.682,0.459,0.278,0.603,-0.691,-0.748,0.582,0.326,0.576,0.0,-9.0,18.623,7.407,25.923,1675.069,,0.73,0.0,1.0,0.0,0.0,0.0,1.0,0.0,0.0,,28.0,vdem
1949-01-01,0.372,0.209,1.0,3.0,0.679,0.459,0.248,0.603,-0.691,-0.748,0.573,0.326,0.565,0.0,-9.0,18.198,31.034,21.8,1708.232,,0.73,,,,,,,,,,,vdem
1950-01-01,0.348,0.193,1.0,3.0,0.679,0.459,0.187,0.603,-0.691,-0.748,0.562,0.301,0.6,0.0,-9.0,17.556,39.474,21.179,1748.453,0.0,0.73,,,,,,,,,,,vdem
1951-01-01,0.339,0.188,1.0,3.0,0.679,0.459,0.159,0.603,-0.691,-0.748,0.556,0.301,0.6,0.0,-9.0,17.321,55.66,20.202,1793.447,0.0,0.73,0.0,1.0,0.0,0.0,0.0,0.0,0.0,1.0,32.3,32.3,vdem
1952-01-01,0.334,0.187,1.0,3.0,0.676,0.459,0.16,0.603,-0.691,-0.748,0.556,0.289,0.617,0.0,-9.0,16.996,14.545,19.84,1835.811,0.0,0.73,,,,,,,,,,,vdem
1953-01-01,0.331,0.185,1.0,3.0,0.676,0.459,0.16,0.603,-0.691,-0.748,0.543,0.289,0.617,0.0,-9.0,17.132,-0.794,24.548,1872.409,0.0,0.73,,,,,,,,,,,vdem
1954-01-01,0.327,0.183,1.0,3.0,0.653,0.459,0.16,0.603,-0.691,3.25,0.543,0.289,0.617,0.0,-9.0,17.349,16.267,24.921,1904.607,0.0,0.73,0.0,1.0,0.0,0.0,0.0,0.0,0.0,0.0,,32.3,vdem
1955-01-01,0.286,0.15,1.0,3.0,0.461,0.459,0.224,0.751,0.195,3.25,0.512,0.262,0.608,0.0,-88.0,17.51,7.569,25.419,1931.857,2.0,0.73,,,,,,,,,,,vdem
1956-01-01,0.15,0.103,0.0,0.0,0.0,0.41,0.369,0.542,0.347,-0.762,0.476,0.378,0.604,0.0,-88.0,17.832,15.991,25.205,1964.433,0.0,0.52,,,,,,,,,,,vdem
1957-01-01,0.185,0.117,0.0,1.0,0.25,0.41,0.384,0.542,0.347,0.094,0.516,0.423,0.604,0.0,-88.0,18.339,21.691,25.854,2000.887,0.0,0.52,0.0,0.0,0.0,0.0,0.0,1.0,0.0,0.0,,,vdem
1958-01-01,0.383,0.241,1.0,3.0,0.61,0.338,0.619,0.715,0.347,0.094,0.671,0.523,0.482,1.0,5.0,18.735,33.384,28.537,2038.311,0.0,0.299,2.0,1.0,0.0,0.0,0.0,0.0,0.0,1.0,31.7,31.7,vdem
1959-01-01,0.486,0.347,1.0,4.0,0.615,0.232,0.744,0.715,0.347,0.094,0.73,0.681,0.378,1.0,5.0,19.12,123.556,34.543,2086.06,0.0,0.223,,,,,,,,,,,vdem
1960-01-01,0.492,0.351,1.0,4.0,0.632,0.232,0.744,0.715,0.347,0.094,0.744,0.681,0.378,1.0,5.0,20.329,12.259,44.302,2150.19,0.0,0.223,0.0,1.0,0.0,0.0,0.0,0.0,0.0,0.0,,27.3,vdem
1961-01-01,0.494,0.36,1.0,4.0,0.637,0.232,0.744,0.715,0.347,0.094,0.744,0.698,0.327,1.0,5.0,21.114,18.005,55.08,2193.433,0.0,0.223,,,,,,,,,,,vdem
1962-01-01,0.274,0.205,1.0,3.0,0.15,0.232,0.675,0.715,1.249,0.094,0.707,0.675,0.303,0.0,5.0,21.188,34.723,62.964,2230.073,1.0,0.26,0.0,1.0,0.0,0.0,0.0,0.0,0.0,0.0,,19.3,vdem
1963-01-01,0.31,0.226,1.0,3.0,0.326,0.142,0.766,0.715,1.249,0.094,0.733,0.79,0.319,1.0,6.0,21.332,15.725,61.407,2270.095,0.0,0.06,1.0,1.0,0.0,0.0,0.0,0.0,0.0,1.0,20.8,20.8,vdem
1964-01-01,0.528,0.423,2.0,5.0,0.668,0.124,0.787,0.715,0.406,0.094,0.785,0.849,0.212,1.0,6.0,22.281,22.078,61.859,2306.684,0.0,0.06,,,,,,,,,,,vdem
1965-01-01,0.527,0.427,2.0,5.0,0.675,0.124,0.787,0.715,0.406,0.094,0.778,0.849,0.197,1.0,6.0,23.318,28.484,60.049,2343.482,0.0,0.06,0.0,1.0,0.0,0.0,0.0,0.0,0.0,0.0,,29.7,vdem
1966-01-01,0.228,0.201,1.0,3.0,0.33,0.195,0.521,0.715,1.263,0.094,0.569,0.662,0.371,0.0,-9.0,23.724,31.67,61.266,2376.524,1.0,0.289,,,,,,,,,,,vdem
1967-01-01,0.102,0.089,0.0,0.0,0.0,0.43,0.244,0.72,1.263,0.094,0.396,0.306,0.645,0.0,-9.0,24.188,29.398,62.349,2407.792,0.0,0.654,,,,,,,,,,,vdem
1968-01-01,0.106,0.086,0.0,0.0,0.0,0.43,0.269,0.72,0.365,0.094,0.36,0.306,0.645,0.0,-9.0,24.952,16.11,65.054,2441.229,0.0,0.654,,,,,,,,,,,vdem
1969-01-01,0.108,0.084,0.0,0.0,0.0,0.43,0.285,0.72,0.365,0.094,0.346,0.306,0.645,0.0,-9.0,26.061,7.649,64.103,2479.532,0.0,0.654,,,,,,,,,,,vdem
1970-01-01,0.109,0.092,0.0,0.0,0.0,0.416,0.296,0.72,0.945,0.094,0.36,0.358,0.62,0.0,-9.0,26.978,13.55,66.088,2514.954,1.0,0.608,,,,,,,,,,,vdem
1971-01-01,0.12,0.094,0.0,0.0,0.0,0.416,0.383,0.72,0.945,0.094,0.366,0.358,0.62,0.0,-9.0,27.8,34.78,82.272,2549.017,1.0,0.608,,,,,,,,,,,vdem
1972-01-01,0.13,0.094,0.0,0.0,0.0,0.416,0.464,0.72,0.945,0.094,0.361,0.358,0.62,0.0,-9.0,28.46,58.412,88.392,2589.184,0.0,0.608,,,,,,,,,,,vdem
1973-01-01,0.456,0.277,1.0,4.0,0.562,0.411,0.553,0.789,-0.71,0.094,0.485,0.389,0.425,1.0,6.0,29.339,61.206,103.755,2640.332,0.0,0.7,2.0,1.0,1.0,0.0,0.0,0.0,0.0,1.0,24.4,21.3,vdem
1974-01-01,0.557,0.322,2.0,5.0,0.727,0.423,0.66,0.789,-0.71,0.094,0.503,0.357,0.425,1.0,6.0,30.15,23.465,302.216,2687.95,0.0,0.741,,,,,,,,,,,vdem
1975-01-01,0.509,0.29,2.0,5.0,0.727,0.423,0.586,0.789,-0.71,0.094,0.444,0.357,0.425,1.0,6.0,30.113,182.9,260.874,2726.302,0.0,0.741,,,,,,,,,,,vdem
1976-01-01,0.133,0.066,1.0,3.0,0.155,0.441,0.089,0.314,0.211,0.02,0.255,0.144,0.642,0.0,-9.0,30.106,444.0,279.582,2766.912,1.0,0.815,,,,,,,,,,,vdem
1977-01-01,0.071,0.047,0.0,0.0,0.0,0.518,0.026,0.314,0.211,0.02,0.233,0.139,0.746,0.0,-9.0,30.438,176.0,307.665,2811.596,0.0,0.815,,,,,,,,,,,vdem
1978-01-01,0.071,0.047,0.0,0.0,0.0,0.518,0.026,0.314,0.211,0.02,0.235,0.139,0.746,0.0,-9.0,30.142,175.5,301.687,2854.559,0.0,0.815,,,,,,,,,,,vdem
1979-01-01,0.071,0.047,0.0,0.0,0.0,0.518,0.026,0.314,0.717,0.02,0.235,0.139,0.746,0.0,-9.0,30.533,159.518,595.966,2905.88,0.0,0.815,,,,,,,,,,,vdem
1980-01-01,0.071,0.051,0.0,0.0,0.0,0.518,0.026,0.314,1.82,0.02,0.235,0.145,0.736,0.0,-9.0,30.459,100.764,628.91,2954.775,0.0,0.815,,,,,,,,,,,vdem
1981-01-01,0.071,0.051,0.0,0.0,0.0,0.518,0.026,0.314,1.82,0.02,0.235,0.145,0.736,0.0,-8.0,29.736,104.477,578.441,3007.494,0.0,0.815,,,,,,,,,,,vdem
1982-01-01,0.074,0.051,0.0,0.0,0.0,0.518,0.033,0.314,2.655,1.671,0.242,0.145,0.736,0.0,-8.0,29.297,164.779,508.925,3068.028,0.0,0.815,,,,,,,,,,,vdem
1983-01-01,0.267,0.206,1.0,3.0,0.151,0.252,0.354,0.358,2.655,-0.508,0.459,0.515,0.345,1.0,8.0,29.39,343.8,450.866,3124.102,0.0,0.199,2.0,1.0,0.0,0.0,0.0,0.0,0.0,1.0,39.1,39.1,vdem
1984-01-01,0.83,0.674,2.0,7.0,0.875,0.332,0.939,0.864,0.968,-0.727,0.929,0.831,0.205,1.0,8.0,29.329,626.734,407.519,3175.874,0.0,0.118,,,,,,,,,,,vdem
1985-01-01,0.829,0.674,2.0,7.0,0.874,0.332,0.939,0.864,0.968,-0.727,0.929,0.831,0.205,1.0,8.0,28.778,672.182,367.848,3226.857,0.0,0.118,0.0,1.0,0.0,0.0,0.0,0.0,0.0,0.0,,34.6,vdem
1986-01-01,0.825,0.672,2.0,7.0,0.864,0.332,0.939,0.864,0.968,-0.727,0.929,0.831,0.205,1.0,8.0,29.1,90.09,202.691,3284.062,0.0,0.118,,,,,,,,,,,vdem
1987-01-01,0.827,0.672,2.0,7.0,0.867,0.332,0.939,0.872,1.602,-0.727,0.929,0.831,0.205,1.0,8.0,29.026,131.335,219.716,3335.362,0.0,0.118,0.0,1.0,0.0,0.0,0.0,0.0,0.0,0.0,,38.6,vdem
1988-01-01,0.831,0.672,2.0,7.0,0.874,0.332,0.939,0.872,0.981,-0.727,0.929,0.831,0.205,1.0,8.0,28.513,342.954,192.954,3384.769,0.0,0.118,,,,,,,,,,,vdem
1989-01-01,0.828,0.67,2.0,7.0,0.873,0.509,0.934,0.872,0.981,-0.727,0.909,0.675,0.201,1.0,7.0,27.673,3079.455,222.673,3430.427,0.0,0.533,2.0,1.0,0.0,0.0,0.0,0.0,0.0,1.0,32.5,28.8,vdem
1990-01-01,0.826,0.617,2.0,6.0,0.873,0.631,0.935,0.884,0.981,-0.727,0.911,0.455,0.35,1.0,7.0,28.115,2313.963,257.043,3486.319,0.0,0.815,,,,,,,,,,,vdem
1991-01-01,0.829,0.63,2.0,6.0,0.871,0.631,0.94,0.884,0.981,-0.727,0.921,0.489,0.343,1.0,7.0,29.71,171.672,218.671,3542.533,0.0,0.815,0.0,1.0,0.0,0.0,0.0,0.0,0.0,0.0,,29.0,vdem
1992-01-01,0.829,0.631,2.0,6.0,0.868,0.631,0.944,0.884,0.981,-0.727,0.921,0.503,0.343,1.0,7.0,31.777,24.9,227.8,3597.338,0.0,0.815,,,,,,,,,,,vdem
1993-01-01,0.829,0.63,2.0,6.0,0.867,0.611,0.944,0.884,0.981,-0.727,0.921,0.523,0.343,1.0,7.0,33.551,18.512,222.76,3651.36,0.0,0.815,0.0,1.0,0.0,0.0,0.0,0.0,0.0,0.0,,30.2,vdem
1994-01-01,0.834,0.633,2.0,6.0,0.875,0.611,0.944,0.884,0.981,-0.727,0.921,0.523,0.343,1.0,7.0,34.856,4.177,218.823,3704.062,0.0,0.815,0.0,0.0,0.0,0.0,0.0,1.0,0.0,0.0,,,vdem
1995-01-01,0.833,0.641,2.0,6.0,0.872,0.611,0.944,0.884,0.981,-0.727,0.921,0.541,0.329,1.0,7.0,35.233,3.376,229.566,3748.764,0.0,0.815,0.0,1.0,0.0,0.0,0.0,0.0,0.0,1.0,29.3,21.7,vdem
1996-01-01,0.83,0.634,2.0,6.0,0.868,0.611,0.941,0.884,0.981,-0.727,0.92,0.541,0.329,1.0,7.0,36.332,0.156,299.501,3799.43,0.0,0.815,,,,,,,,,,,vdem
1997-01-01,0.829,0.634,2.0,6.0,0.868,0.611,0.941,0.884,0.981,-0.727,0.92,0.541,0.329,1.0,7.0,37.491,0.529,295.801,3840.774,0.0,0.815,0.0,1.0,0.0,0.0,0.0,0.0,0.0,0.0,,36.3,vdem
1998-01-01,0.828,0.634,2.0,6.0,0.866,0.611,0.941,0.884,0.981,-0.727,0.92,0.539,0.323,1.0,7.0,37.858,0.925,217.689,3886.957,0.0,0.815,,,,,,,,,,,vdem
1999-01-01,0.828,0.64,2.0,7.0,0.867,0.6,0.941,0.884,0.981,-0.727,0.935,0.56,0.309,1.0,8.0,36.957,-1.167,274.954,3928.235,0.0,0.815,2.0,1.0,0.0,0.0,0.0,0.0,0.0,1.0,38.7,35.9,vdem
2000-01-01,0.833,0.67,2.0,7.0,0.869,0.459,0.952,0.884,0.981,-0.727,0.937,0.698,0.233,1.0,8.0,35.88,-0.939,423.247,3965.921,0.0,0.347,,,,,,,,,,,vdem
2001-01-01,0.833,0.674,2.0,7.0,0.868,0.459,0.95,0.884,0.981,-0.727,0.93,0.692,0.239,1.0,8.0,34.16,-1.065,387.286,4006.703,0.0,0.347,0.0,1.0,0.0,0.0,0.0,0.0,0.0,0.0,,16.1,vdem
2002-01-01,0.826,0.661,2.0,6.0,0.868,0.53,0.935,0.884,0.981,-0.727,0.921,0.609,0.238,1.0,8.0,31.951,25.869,327.853,4024.697,0.0,0.583,,,,,,,,,,,vdem
2003-01-01,0.807,0.638,2.0,6.0,0.867,0.551,0.901,0.884,0.981,-0.727,0.912,0.54,0.236,1.0,8.0,32.676,13.443,433.849,4064.471,0.0,0.682,2.0,1.0,0.0,0.0,0.0,0.0,0.0,1.0,22.2,35.1,vdem
2004-01-01,0.795,0.632,2.0,6.0,0.866,0.551,0.911,0.88,0.981,-0.727,0.914,0.555,0.236,1.0,8.0,34.531,4.416,516.216,4111.725,0.0,0.682,,,,,,,,,,,vdem
2005-01-01,0.793,0.625,2.0,6.0,0.861,0.551,0.911,0.875,0.981,-0.727,0.914,0.547,0.244,1.0,8.0,36.84,9.642,728.761,4156.186,0.0,0.682,0.0,1.0,0.0,0.0,0.0,0.0,0.0,0.0,,8.9,vdem
2006-01-01,0.78,0.614,2.0,6.0,0.839,0.551,0.907,0.875,0.981,-0.727,0.911,0.547,0.244,1.0,8.0,39.149,10.898,745.522,4195.721,0.0,0.682,,,,,,,,,,,vdem
2007-01-01,0.781,0.61,2.0,6.0,0.843,0.551,0.901,0.873,0.981,-0.727,0.908,0.532,0.261,1.0,8.0,41.325,8.83,,4244.487,0.0,0.682,1.0,1.0,0.0,0.0,0.0,0.0,0.0,1.0,23.0,18.8,vdem
2008-01-01,0.766,0.59,2.0,6.0,0.832,0.551,0.898,0.873,0.981,-0.727,0.901,0.52,0.281,1.0,8.0,42.784,8.585,,4290.294,0.0,0.682,,,,,,,,,,,vdem
2009-01-01,0.756,0.583,2.0,6.0,0.829,0.551,0.889,0.885,0.981,-0.727,0.901,0.52,0.281,1.0,8.0,42.92,6.27,,4332.376,0.0,0.682,0.0,1.0,0.0,0.0,0.0,0.0,0.0,0.0,,28.7,vdem
2010-01-01,0.746,0.578,2.0,6.0,0.824,0.544,0.886,0.848,0.981,-0.727,0.898,0.52,0.281,1.0,8.0,44.854,10.649,,4383.544,0.0,0.682,,,,,,,,,,,vdem
2011-01-01,0.749,0.573,2.0,6.0,0.827,0.544,0.886,0.85,0.981,-0.727,0.896,0.531,0.286,1.0,8.0,46.333,,,4433.599,0.0,0.682,0.0,1.0,0.0,0.0,0.0,0.0,0.0,1.0,16.9,13.5,vdem
2012-01-01,0.763,0.582,2.0,6.0,0.843,0.544,0.889,0.85,0.981,-0.727,0.89,0.531,0.288,1.0,8.0,46.477,,,4482.311,0.0,0.682,,,,,,,,,,,vdem
2013-01-01,0.772,0.588,2.0,6.0,0.85,0.551,0.895,0.872,0.981,-0.727,0.89,0.515,0.288,1.0,8.0,46.377,,,4530.888,0.0,0.695,0.0,1.0,0.0,0.0,0.0,0.0,0.0,0.0,,25.2,vdem
2014-01-01,0.777,0.595,2.0,6.0,0.853,0.551,0.902,0.872,0.981,-0.727,0.893,0.515,0.278,1.0,8.0,45.363,,,4561.8,0.0,0.695,,,,,,,,,,,vdem
2015-01-01,0.765,0.59,2.0,6.0,0.847,0.525,0.874,0.872,0.981,-0.727,0.875,0.533,0.273,1.0,9.0,44.416,,,4585.845,0.0,0.618,2.0,1.0,0.0,0.0,0.0,0.0,0.0,1.0,34.15,34.8,vdem
2016-01-01,0.751,0.612,2.0,6.0,0.821,0.436,0.86,0.866,0.981,-0.727,0.887,0.656,0.202,1.0,9.0,43.719,,,4615.787,0.0,0.391,,,,,,,,,,,vdem
2017-01-01,0.751,0.609,2.0,6.0,0.833,0.411,0.845,0.862,0.981,-0.727,0.87,0.67,0.212,1.0,9.0,43.878,,,4657.06,0.0,0.391,0.0,1.0,0.0,0.0,0.0,0.0,0.0,0.0,,19.81,vdem
2018-01-01,0.78,0.63,2.0,6.0,0.883,0.41,0.855,0.848,0.981,-0.727,0.888,0.656,0.221,1.0,9.0,43.409,,,4697.03,0.0,0.392,,,,,,,,,,,vdem
2019-01-01,0.779,0.618,2.0,6.0,0.88,0.408,0.86,0.845,0.73,-1.68,0.873,0.651,0.227,1.0,,42.896,,,4715.714,0.0,0.399,2.0,1.0,0.0,0.0,0.0,0.0,0.0,1.0,40.4,40.14,vdem
2020-01-01,0.797,0.634,2.0,6.0,0.894,0.479,0.878,0.869,1.434,-1.056,0.886,0.629,0.191,1.0,,,,,,0.0,0.566,,,,,,,,,,,vdem
2021-01-01,0.796,0.639,2.0,6.0,0.9,0.479,0.867,0.869,1.434,-0.997,0.869,0.621,0.192,,,,,,,0.0,0.566,0.0,1.0,0.0,0.0,0.0,0.0,0.0,0.0,,34.17,vdem
2022-01-01,0.831,0.654,2.0,6.0,0.912,0.479,0.921,0.869,0.558,-0.245,0.871,0.615,0.218,,,,,,,0.0,0.566,,,,,,,,,,,vdem
2023-01-01,0.838,0.695,2.0,6.0,0.906,0.404,0.938,0.869,0.769,-0.422,0.906,0.642,0.18,,,,,,,0.0,0.566,2.0,1.0,0.0,0.0,0.0,0.0,0.0,1.0,36.78,23.65,vdem
2024-01-01,0.721,0.558,2.0,6.0,0.879,0.39,0.766,0.781,1.424,-0.697,0.859,0.622,0.265,,,,,,,0.0,0.324,,,,,,,,,,,vdem
2025-01-01,0.69,0.524,2.0,6.0,0.878,0.415,0.736,0.707,1.849,-1.053,0.821,0.577,0.265,,,,,,,,0.432,0.0,1.0,0.0,0.0,0.0,0.0,0.0,0.0,,24.26,vdem
