date,date_precision,kind,title,actor,notes,source,confidence
1810-05-25,day,presidency_start,Asume Primera Junta,Junta de gobierno,Modo de acceso: junta_revolucionaria. Junta constituida tras la Revolución de Mayo; sucesivas reorganizaciones internas (Junta Grande desde dic. 1810).,"general_knowledge (hecho publico, pendiente de revision independiente segun PLAN_ARGENTINA.md #0.2)",medium
1811-09-23,day,presidency_end,Cesa Primera Junta,Junta de gobierno,Modo de salida: succession. Junta constituida tras la Revolución de Mayo; sucesivas reorganizaciones internas (Junta Grande desde dic. 1810).,"general_knowledge (hecho publico, pendiente de revision independiente segun PLAN_ARGENTINA.md #0.2)",medium
1811-09-23,day,presidency_start,Asume Primer Triunvirato,Triunvirato,Modo de acceso: congress. Depuesto por un movimiento militar el 8 de octubre de 1812.,"general_knowledge (hecho publico, pendiente de revision independiente segun PLAN_ARGENTINA.md #0.2)",medium
1812-10-08,day,presidency_end,Cesa Primer Triunvirato,Triunvirato,Modo de salida: coup. Depuesto por un movimiento militar el 8 de octubre de 1812.,"general_knowledge (hecho publico, pendiente de revision independiente segun PLAN_ARGENTINA.md #0.2)",medium
1812-10-08,day,presidency_start,Asume Segundo Triunvirato,Triunvirato,Modo de acceso: congress. Reemplazado por el Directorio tras la Asamblea del Año XIII.,"general_knowledge (hecho publico, pendiente de revision independiente segun PLAN_ARGENTINA.md #0.2)",medium
1814-01-31,day,presidency_end,Cesa Segundo Triunvirato,Triunvirato,Modo de salida: congress. Reemplazado por el Directorio tras la Asamblea del Año XIII.,"general_knowledge (hecho publico, pendiente de revision independiente segun PLAN_ARGENTINA.md #0.2)",medium
1814-01-31,day,presidency_start,Asume Gervasio Antonio de Posadas,Director Supremo,Modo de acceso: congress. Primer Director Supremo de las Provincias Unidas.,"general_knowledge (hecho publico, pendiente de revision independiente segun PLAN_ARGENTINA.md #0.2)",medium
1815-04-09,day,presidency_end,Cesa Gervasio Antonio de Posadas,Director Supremo,Modo de salida: resignation. Primer Director Supremo de las Provincias Unidas.,"general_knowledge (hecho publico, pendiente de revision independiente segun PLAN_ARGENTINA.md #0.2)",medium
1815-04-09,day,presidency_start,Asume Carlos María de Alvear,Director Supremo,Modo de acceso: succession. Depuesto a los pocos días por un movimiento de Fontezuelas.,"general_knowledge (hecho publico, pendiente de revision independiente segun PLAN_ARGENTINA.md #0.2)",medium
1815-04-18,day,presidency_end,Cesa Carlos María de Alvear,Director Supremo,Modo de salida: coup. Depuesto a los pocos días por un movimiento de Fontezuelas.,"general_knowledge (hecho publico, pendiente de revision independiente segun PLAN_ARGENTINA.md #0.2)",medium
1815-04-18,day,presidency_start,Asume Ignacio Álvarez Thomas (interino),Director Supremo,Modo de acceso: succession. Director sustituto.,"general_knowledge (hecho publico, pendiente de revision independiente segun PLAN_ARGENTINA.md #0.2)",medium
1816-02-16,day,presidency_end,Cesa Ignacio Álvarez Thomas (interino),Director Supremo,Modo de salida: congress. Director sustituto.,"general_knowledge (hecho publico, pendiente de revision independiente segun PLAN_ARGENTINA.md #0.2)",medium
1816-02-16,day,presidency_start,Asume Juan Martín de Pueyrredón,Director Supremo,"Modo de acceso: congress. Designado por el Congreso de Tucumán, que declaró la independencia el 9-jul-1816.","general_knowledge (hecho publico, pendiente de revision independiente segun PLAN_ARGENTINA.md #0.2)",high
1819-06-09,day,presidency_end,Cesa Juan Martín de Pueyrredón,Director Supremo,"Modo de salida: resignation. Designado por el Congreso de Tucumán, que declaró la independencia el 9-jul-1816.","general_knowledge (hecho publico, pendiente de revision independiente segun PLAN_ARGENTINA.md #0.2)",high
1819-06-09,day,presidency_start,Asume José Rondeau,Director Supremo,Modo de acceso: congress. Cae tras la batalla de Cepeda (feb. 1820) y la disolución del poder central: 'Anarquía del Año XX'.,"general_knowledge (hecho publico, pendiente de revision independiente segun PLAN_ARGENTINA.md #0.2)",medium
1820-02-11,day,presidency_end,Cesa José Rondeau,Director Supremo,Modo de salida: coup. Cae tras la batalla de Cepeda (feb. 1820) y la disolución del poder central: 'Anarquía del Año XX'.,"general_knowledge (hecho publico, pendiente de revision independiente segun PLAN_ARGENTINA.md #0.2)",medium
1820-02-11,year,presidency_start,Asume (sin autoridad nacional — autonomías provinciales),Gobernadores provinciales,Modo de acceso: other. Sin poder ejecutivo nacional entre 1820 y 1826; Buenos Aires bajo Martín Rodríguez (1821-1824) concentra de facto las relaciones exteriores.,"general_knowledge (hecho publico, pendiente de revision independiente segun PLAN_ARGENTINA.md #0.2)",medium
1824-05-08,year,presidency_end,Cesa (sin autoridad nacional — autonomías provinciales),Gobernadores provinciales,Modo de salida: other. Sin poder ejecutivo nacional entre 1820 y 1826; Buenos Aires bajo Martín Rodríguez (1821-1824) concentra de facto las relaciones exteriores.,"general_knowledge (hecho publico, pendiente de revision independiente segun PLAN_ARGENTINA.md #0.2)",medium
1826-02-08,day,presidency_start,Asume Bernardino Rivadavia,Presidente (Congreso de 1826),"Modo de acceso: congress. Primer presidente de las Provincias Unidas, bajo la Constitución unitaria de 1826 (no ratificada por las provincias).","general_knowledge (hecho publico, pendiente de revision independiente segun PLAN_ARGENTINA.md #0.2)",high
1827-06-27,day,presidency_end,Cesa Bernardino Rivadavia,Presidente (Congreso de 1826),"Modo de salida: resignation. Primer presidente de las Provincias Unidas, bajo la Constitución unitaria de 1826 (no ratificada por las provincias).","general_knowledge (hecho publico, pendiente de revision independiente segun PLAN_ARGENTINA.md #0.2)",high
1827-06-27,day,presidency_start,Asume Vicente López y Planes / Manuel Dorrego / guerra civil,Gobernadores de Buenos Aires,Modo de acceso: congress. Renuncia de Rivadavia y disolución del poder nacional; Dorrego gobernador de Bs.As. hasta su fusilamiento por Lavalle (dic. 1828); guerra civil hasta el Pacto de Cañuelas/Barracas 1829.,"general_knowledge (hecho publico, pendiente de revision independiente segun PLAN_ARGENTINA.md #0.2)",medium
1829-12-06,day,presidency_end,Cesa Vicente López y Planes / Manuel Dorrego / guerra civil,Gobernadores de Buenos Aires,Modo de salida: coup. Renuncia de Rivadavia y disolución del poder nacional; Dorrego gobernador de Bs.As. hasta su fusilamiento por Lavalle (dic. 1828); guerra civil hasta el Pacto de Cañuelas/Barracas 1829.,"general_knowledge (hecho publico, pendiente de revision independiente segun PLAN_ARGENTINA.md #0.2)",medium
1829-12-08,day,presidency_start,Asume Juan Manuel de Rosas (1er gobierno),Gobernador de Buenos Aires,Modo de acceso: congress. Gobernador de Buenos Aires con la suma del poder público; ejerce de facto las relaciones exteriores de la Confederación.,"general_knowledge (hecho publico, pendiente de revision independiente segun PLAN_ARGENTINA.md #0.2)",high
1832-12-17,day,presidency_end,Cesa Juan Manuel de Rosas (1er gobierno),Gobernador de Buenos Aires,Modo de salida: resignation. Gobernador de Buenos Aires con la suma del poder público; ejerce de facto las relaciones exteriores de la Confederación.,"general_knowledge (hecho publico, pendiente de revision independiente segun PLAN_ARGENTINA.md #0.2)",high
1832-12-17,day,presidency_start,Asume Juan Ramón Balcarce / Juan José Viamonte / interinatos,Gobernadores de Buenos Aires,Modo de acceso: congress. Interinatos entre los dos gobiernos de Rosas.,"general_knowledge (hecho publico, pendiente de revision independiente segun PLAN_ARGENTINA.md #0.2)",low
1835-03-13,day,presidency_end,Cesa Juan Ramón Balcarce / Juan José Viamonte / interinatos,Gobernadores de Buenos Aires,Modo de salida: congress. Interinatos entre los dos gobiernos de Rosas.,"general_knowledge (hecho publico, pendiente de revision independiente segun PLAN_ARGENTINA.md #0.2)",low
1835-03-13,day,presidency_start,Asume Juan Manuel de Rosas (2do gobierno),Gobernador de Buenos Aires / Encargado de RR.EE.,Modo de acceso: congress. Gobierna con la suma del poder público (plebiscito 1835); cae derrotado en la batalla de Caseros (3-feb-1852) frente a Urquiza.,"general_knowledge (hecho publico, pendiente de revision independiente segun PLAN_ARGENTINA.md #0.2)",high
1852-02-03,day,presidency_end,Cesa Juan Manuel de Rosas (2do gobierno),Gobernador de Buenos Aires / Encargado de RR.EE.,Modo de salida: war. Gobierna con la suma del poder público (plebiscito 1835); cae derrotado en la batalla de Caseros (3-feb-1852) frente a Urquiza.,"general_knowledge (hecho publico, pendiente de revision independiente segun PLAN_ARGENTINA.md #0.2)",high
1852-02-03,day,presidency_start,Asume Justo José de Urquiza (Director provisorio / Confederación),Director provisorio,"Modo de acceso: coup. Director provisorio de la Confederación tras Caseros; Buenos Aires se separa (Estado de Buenos Aires, 1852-1861).","general_knowledge (hecho publico, pendiente de revision independiente segun PLAN_ARGENTINA.md #0.2)",medium
1853-05-01,day,constitutional_reform,Sanción de la Constitución Nacional de 1853,Congreso Constituyente (Santa Fe),Constitución liberal-federal inspirada en Alberdi; Buenos Aires no la ratifica hasta 1860.,"general_knowledge (hecho publico, pendiente de revision independiente segun PLAN_ARGENTINA.md #0.2)",high
1854-03-05,day,presidency_end,Cesa Justo José de Urquiza (Director provisorio / Confederación),Director provisorio,"Modo de salida: election_presidential. Director provisorio de la Confederación tras Caseros; Buenos Aires se separa (Estado de Buenos Aires, 1852-1861).","general_knowledge (hecho publico, pendiente de revision independiente segun PLAN_ARGENTINA.md #0.2)",medium
1854-03-05,day,presidency_start,Asume Justo José de Urquiza,Presidente de la Confederación Argentina,Modo de acceso: election_presidential. Primer presidente bajo la Constitución de 1853; capital en Paraná. Buenos Aires separada del resto del país.,"general_knowledge (hecho publico, pendiente de revision independiente segun PLAN_ARGENTINA.md #0.2)",high
1860-03-05,day,presidency_end,Cesa Justo José de Urquiza,Presidente de la Confederación Argentina,Modo de salida: term_end. Primer presidente bajo la Constitución de 1853; capital en Paraná. Buenos Aires separada del resto del país.,"general_knowledge (hecho publico, pendiente de revision independiente segun PLAN_ARGENTINA.md #0.2)",high
1860-03-05,day,presidency_start,Asume Santiago Derqui,Presidente de la Confederación Argentina,Modo de acceso: election_presidential. Renuncia tras la derrota de la Confederación en Pavón (sep. 1861) frente a Buenos Aires (Mitre).,"general_knowledge (hecho publico, pendiente de revision independiente segun PLAN_ARGENTINA.md #0.2)",medium
1860-09-21,day,constitutional_reform,Reforma constitucional de 1860,Convención reformadora (Buenos Aires),"Incorpora a Buenos Aires a la Confederación con reformas (art. 1, ausencia de revisión federal de constituciones provinciales, etc.).","general_knowledge (hecho publico, pendiente de revision independiente segun PLAN_ARGENTINA.md #0.2)",high
1861-11-05,day,presidency_end,Cesa Santiago Derqui,Presidente de la Confederación Argentina,Modo de salida: resignation. Renuncia tras la derrota de la Confederación en Pavón (sep. 1861) frente a Buenos Aires (Mitre).,"general_knowledge (hecho publico, pendiente de revision independiente segun PLAN_ARGENTINA.md #0.2)",medium
1861-11-05,day,presidency_start,Asume Juan Esteban Pedernera / Bartolomé Mitre (gobernador de Bs.As.),Vicepresidente / Gobernador,Modo de acceso: succession. Vacancia presidencial de la Confederación; Mitre reunifica el país como gobernador de Buenos Aires a cargo del P.E. nacional.,"general_knowledge (hecho publico, pendiente de revision independiente segun PLAN_ARGENTINA.md #0.2)",medium
1862-10-12,day,presidency_end,Cesa Juan Esteban Pedernera / Bartolomé Mitre (gobernador de Bs.As.),Vicepresidente / Gobernador,Modo de salida: election_presidential. Vacancia presidencial de la Confederación; Mitre reunifica el país como gobernador de Buenos Aires a cargo del P.E. nacional.,"general_knowledge (hecho publico, pendiente de revision independiente segun PLAN_ARGENTINA.md #0.2)",medium
1862-10-12,day,presidency_start,Asume Bartolomé Mitre,Presidente (Nacionalista/Liberal),Modo de acceso: election_presidential. Primer presidente de la República Argentina unificada.,"general_knowledge (hecho publico, pendiente de revision independiente segun PLAN_ARGENTINA.md #0.2)",high
1868-10-12,day,presidency_end,Cesa Bartolomé Mitre,Presidente (Nacionalista/Liberal),Modo de salida: term_end. Primer presidente de la República Argentina unificada.,"general_knowledge (hecho publico, pendiente de revision independiente segun PLAN_ARGENTINA.md #0.2)",high
1868-10-12,day,presidency_start,Asume Domingo Faustino Sarmiento,Presidente (Autonomista Nacional),Modo de acceso: election_presidential. Guerra del Paraguay concluye en 1870.,"general_knowledge (hecho publico, pendiente de revision independiente segun PLAN_ARGENTINA.md #0.2)",high
1874-10-12,day,presidency_end,Cesa Domingo Faustino Sarmiento,Presidente (Autonomista Nacional),Modo de salida: term_end. Guerra del Paraguay concluye en 1870.,"general_knowledge (hecho publico, pendiente de revision independiente segun PLAN_ARGENTINA.md #0.2)",high
1874-10-12,day,presidency_start,Asume Nicolás Avellaneda,Presidente (PAN),Modo de acceso: election_presidential. Sofoca la revolución mitrista de 1874; federalización de Buenos Aires en 1880.,"general_knowledge (hecho publico, pendiente de revision independiente segun PLAN_ARGENTINA.md #0.2)",high
1880-10-12,day,presidency_end,Cesa Nicolás Avellaneda,Presidente (PAN),Modo de salida: term_end. Sofoca la revolución mitrista de 1874; federalización de Buenos Aires en 1880.,"general_knowledge (hecho publico, pendiente de revision independiente segun PLAN_ARGENTINA.md #0.2)",high
1880-10-12,day,presidency_start,Asume Julio Argentino Roca (1er mandato),Presidente (PAN),Modo de acceso: election_presidential. Consolidación del Estado nacional; Conquista del Desierto (1878-1885).,"general_knowledge (hecho publico, pendiente de revision independiente segun PLAN_ARGENTINA.md #0.2)",high
1886-10-12,day,presidency_end,Cesa Julio Argentino Roca (1er mandato),Presidente (PAN),Modo de salida: term_end. Consolidación del Estado nacional; Conquista del Desierto (1878-1885).,"general_knowledge (hecho publico, pendiente de revision independiente segun PLAN_ARGENTINA.md #0.2)",high
1886-10-12,day,presidency_start,Asume Miguel Juárez Celman,Presidente (PAN),"Modo de acceso: election_presidential. Renuncia tras la Revolución del Parque (jul. 1890) en medio de la crisis financiera (default de 1890, crisis Baring).","general_knowledge (hecho publico, pendiente de revision independiente segun PLAN_ARGENTINA.md #0.2)",high
1890-01-01,year,default,Cesación de pagos / crisis Baring de 1890,Gobierno de Miguel Juárez Celman,Crisis de balanza de pagos y de la casa Baring Brothers; detona la Revolución del Parque y la renuncia presidencial.,"general_knowledge (hecho publico, pendiente de revision independiente segun PLAN_ARGENTINA.md #0.2)",medium
1890-08-06,day,presidency_end,Cesa Miguel Juárez Celman,Presidente (PAN),"Modo de salida: resignation. Renuncia tras la Revolución del Parque (jul. 1890) en medio de la crisis financiera (default de 1890, crisis Baring).","general_knowledge (hecho publico, pendiente de revision independiente segun PLAN_ARGENTINA.md #0.2)",high
1890-08-06,day,presidency_start,Asume Carlos Pellegrini,"Presidente (PAN, ex vicepresidente)",Modo de acceso: succession. Asume por acefalía; gestiona la crisis del 90 y crea el Banco de la Nación Argentina.,"general_knowledge (hecho publico, pendiente de revision independiente segun PLAN_ARGENTINA.md #0.2)",high
1892-10-12,day,presidency_end,Cesa Carlos Pellegrini,"Presidente (PAN, ex vicepresidente)",Modo de salida: term_end. Asume por acefalía; gestiona la crisis del 90 y crea el Banco de la Nación Argentina.,"general_knowledge (hecho publico, pendiente de revision independiente segun PLAN_ARGENTINA.md #0.2)",high
1892-10-12,day,presidency_start,Asume Luis Sáenz Peña,Presidente (PAN),Modo de acceso: election_presidential. Renuncia por presiones políticas y revueltas radicales/cívicas.,"general_knowledge (hecho publico, pendiente de revision independiente segun PLAN_ARGENTINA.md #0.2)",high
1895-01-23,day,presidency_end,Cesa Luis Sáenz Peña,Presidente (PAN),Modo de salida: resignation. Renuncia por presiones políticas y revueltas radicales/cívicas.,"general_knowledge (hecho publico, pendiente de revision independiente segun PLAN_ARGENTINA.md #0.2)",high
1895-01-23,day,presidency_start,Asume José Evaristo Uriburu,"Presidente (PAN, ex vicepresidente)",Modo de acceso: succession. Asume por acefalía.,"general_knowledge (hecho publico, pendiente de revision independiente segun PLAN_ARGENTINA.md #0.2)",high
1898-10-12,day,presidency_end,Cesa José Evaristo Uriburu,"Presidente (PAN, ex vicepresidente)",Modo de salida: term_end. Asume por acefalía.,"general_knowledge (hecho publico, pendiente de revision independiente segun PLAN_ARGENTINA.md #0.2)",high
1898-10-12,day,presidency_start,Asume Julio Argentino Roca (2do mandato),Presidente (PAN),"Modo de acceso: election_presidential. Régimen conservador, sufragio restringido y fraude ('unicato').","general_knowledge (hecho publico, pendiente de revision independiente segun PLAN_ARGENTINA.md #0.2)",high
1904-10-12,day,presidency_end,Cesa Julio Argentino Roca (2do mandato),Presidente (PAN),"Modo de salida: term_end. Régimen conservador, sufragio restringido y fraude ('unicato').","general_knowledge (hecho publico, pendiente de revision independiente segun PLAN_ARGENTINA.md #0.2)",high
1904-10-12,day,presidency_start,Asume Manuel Quintana,Presidente (PAN),Modo de acceso: election_presidential. Muere en el cargo.,"general_knowledge (hecho publico, pendiente de revision independiente segun PLAN_ARGENTINA.md #0.2)",high
1906-03-12,day,presidency_end,Cesa Manuel Quintana,Presidente (PAN),Modo de salida: death. Muere en el cargo.,"general_knowledge (hecho publico, pendiente de revision independiente segun PLAN_ARGENTINA.md #0.2)",high
1906-03-12,day,presidency_start,Asume José Figueroa Alcorta,"Presidente (PAN, ex vicepresidente)",Modo de acceso: succession. Asume por fallecimiento de Quintana.,"general_knowledge (hecho publico, pendiente de revision independiente segun PLAN_ARGENTINA.md #0.2)",high
1910-10-12,day,presidency_end,Cesa José Figueroa Alcorta,"Presidente (PAN, ex vicepresidente)",Modo de salida: term_end. Asume por fallecimiento de Quintana.,"general_knowledge (hecho publico, pendiente de revision independiente segun PLAN_ARGENTINA.md #0.2)",high
1910-10-12,day,presidency_start,Asume Roque Sáenz Peña,Presidente (PAN),"Modo de acceso: election_presidential. Impulsa la Ley Sáenz Peña (1912) de sufragio universal masculino, secreto y obligatorio; muere en el cargo.","general_knowledge (hecho publico, pendiente de revision independiente segun PLAN_ARGENTINA.md #0.2)",high
1914-08-09,day,presidency_end,Cesa Roque Sáenz Peña,Presidente (PAN),"Modo de salida: death. Impulsa la Ley Sáenz Peña (1912) de sufragio universal masculino, secreto y obligatorio; muere en el cargo.","general_knowledge (hecho publico, pendiente de revision independiente segun PLAN_ARGENTINA.md #0.2)",high
1914-08-09,day,presidency_start,Asume Victorino de la Plaza,"Presidente (PAN, ex vicepresidente)",Modo de acceso: succession. Asume por fallecimiento de Sáenz Peña.,"general_knowledge (hecho publico, pendiente de revision independiente segun PLAN_ARGENTINA.md #0.2)",high
1916-04-02,day,election_presidential,Elección presidencial de 1916,Hipólito Yrigoyen (UCR),"Primera elección presidencial con la Ley Sáenz Peña (voto secreto y obligatorio masculino). Top 3 (aprox., fuente secundaria): Hipólito Yrigoyen (UCR) 45.2%; Ángel Rojas (PDP/Concentración de partidos) 23.6%; Estanislao Zeballos / conservadores nd%.","general_knowledge (hecho publico, pendiente de revision independiente segun PLAN_ARGENTINA.md #0.2)",medium
1916-10-12,day,presidency_end,Cesa Victorino de la Plaza,"Presidente (PAN, ex vicepresidente)",Modo de salida: term_end. Asume por fallecimiento de Sáenz Peña.,"general_knowledge (hecho publico, pendiente de revision independiente segun PLAN_ARGENTINA.md #0.2)",high
1916-10-12,day,presidency_start,Asume Hipólito Yrigoyen (1er mandato),Presidente (UCR),Modo de acceso: election_presidential. Primer presidente electo bajo la Ley Sáenz Peña.,"general_knowledge (hecho publico, pendiente de revision independiente segun PLAN_ARGENTINA.md #0.2)",high
1922-04-02,day,election_presidential,Elección presidencial de 1922,Marcelo T. de Alvear (UCR),"Segunda elección bajo la Ley Sáenz Peña; triunfo radical. Top 3 (aprox., fuente secundaria): Marcelo T. de Alvear (UCR) 47.7%; Norberto Piñero (Concentración Nacional) nd%; José Camilo Crotto (UCR desl./otros) nd%.","general_knowledge (hecho publico, pendiente de revision independiente segun PLAN_ARGENTINA.md #0.2)",medium
1922-10-12,day,presidency_end,Cesa Hipólito Yrigoyen (1er mandato),Presidente (UCR),Modo de salida: term_end. Primer presidente electo bajo la Ley Sáenz Peña.,"general_knowledge (hecho publico, pendiente de revision independiente segun PLAN_ARGENTINA.md #0.2)",high
1922-10-12,day,presidency_start,Asume Marcelo T. de Alvear,Presidente (UCR),Modo de acceso: election_presidential. Presidencia marcada por la división del radicalismo (personalistas/antipersonalistas).,"general_knowledge (hecho publico, pendiente de revision independiente segun PLAN_ARGENTINA.md #0.2)",high
1928-04-01,day,election_presidential,Elección presidencial de 1928,Hipólito Yrigoyen (UCR),"Amplio triunfo de Yrigoyen en su segundo mandato, derrocado en 1930. Top 3 (aprox., fuente secundaria): Hipólito Yrigoyen (UCR) 57.4%; Leopoldo Melo (UCR Antipersonalista/Concentración) 30.8%; otros nd%.","general_knowledge (hecho publico, pendiente de revision independiente segun PLAN_ARGENTINA.md #0.2)",medium
1928-10-12,day,presidency_end,Cesa Marcelo T. de Alvear,Presidente (UCR),Modo de salida: term_end. Presidencia marcada por la división del radicalismo (personalistas/antipersonalistas).,"general_knowledge (hecho publico, pendiente de revision independiente segun PLAN_ARGENTINA.md #0.2)",high
1928-10-12,day,presidency_start,Asume Hipólito Yrigoyen (2do mandato),Presidente (UCR),Modo de acceso: election_presidential. Depuesto por el golpe militar del 6 de septiembre de 1930.,"general_knowledge (hecho publico, pendiente de revision independiente segun PLAN_ARGENTINA.md #0.2)",high
1930-09-06,day,presidency_end,Cesa Hipólito Yrigoyen (2do mandato),Presidente (UCR),Modo de salida: coup. Depuesto por el golpe militar del 6 de septiembre de 1930.,"general_knowledge (hecho publico, pendiente de revision independiente segun PLAN_ARGENTINA.md #0.2)",high
1930-09-06,day,presidency_start,Asume José Félix Uriburu,Presidente de facto,Modo de acceso: coup. Primer gobierno de facto del siglo XX en Argentina.,"general_knowledge (hecho publico, pendiente de revision independiente segun PLAN_ARGENTINA.md #0.2)",high
1930-09-06,day,coup,Golpe de Estado del 6 de septiembre de 1930,José Félix Uriburu,Primer golpe militar del siglo XX; derroca a Hipólito Yrigoyen.,"general_knowledge (hecho publico, pendiente de revision independiente segun PLAN_ARGENTINA.md #0.2)",high
1931-11-08,day,election_presidential,Elección presidencial de 1931 (fraudulenta),Agustín P. Justo (Concordancia),"El radicalismo (yrigoyenista) es proscripto; primera elección de la 'Década Infame'. Top 3 (aprox., fuente secundaria): Agustín P. Justo (Concordancia) 41.4%; Lisandro de la Torre / Nicolás Repetto (Alianza Demócrata Socialista) 20.6%; otros nd%.","general_knowledge (hecho publico, pendiente de revision independiente segun PLAN_ARGENTINA.md #0.2)",medium
1932-02-20,day,presidency_end,Cesa José Félix Uriburu,Presidente de facto,Modo de salida: election_presidential. Primer gobierno de facto del siglo XX en Argentina.,"general_knowledge (hecho publico, pendiente de revision independiente segun PLAN_ARGENTINA.md #0.2)",high
1932-02-20,day,presidency_start,Asume Agustín Pedro Justo,Presidente (Concordancia),Modo de acceso: election_presidential. 'Década Infame': fraude electoral generalizado ('fraude patriótico').,"general_knowledge (hecho publico, pendiente de revision independiente segun PLAN_ARGENTINA.md #0.2)",high
1937-09-05,day,election_presidential,Elección presidencial de 1937 (fraude patriótico),Roberto M. Ortiz (Concordancia),"Elección marcada por fraude generalizado ('fraude patriótico'). Top 3 (aprox., fuente secundaria): Roberto M. Ortiz (Concordancia) 55.7%; Marcelo T. de Alvear (UCR) 43.0%; otros nd%.","general_knowledge (hecho publico, pendiente de revision independiente segun PLAN_ARGENTINA.md #0.2)",medium
1938-02-20,day,presidency_end,Cesa Agustín Pedro Justo,Presidente (Concordancia),Modo de salida: term_end. 'Década Infame': fraude electoral generalizado ('fraude patriótico').,"general_knowledge (hecho publico, pendiente de revision independiente segun PLAN_ARGENTINA.md #0.2)",high
1938-02-20,day,presidency_start,Asume Roberto Marcelino Ortiz,Presidente (Concordancia/UCR antipersonalista),"Modo de acceso: election_presidential. Enfermo (diabetes), delega el mando en 1940 y renuncia en 1942; muere jul. 1942.","general_knowledge (hecho publico, pendiente de revision independiente segun PLAN_ARGENTINA.md #0.2)",high
1940-07-03,day,presidency_start,Asume Ramón S. Castillo (delegación/interino),Vicepresidente en ejercicio,Modo de acceso: succession. Ejerce por delegación desde 1940 y asume plenamente al renunciar Ortiz.,"general_knowledge (hecho publico, pendiente de revision independiente segun PLAN_ARGENTINA.md #0.2)",medium
1942-06-27,day,presidency_end,Cesa Roberto Marcelino Ortiz,Presidente (Concordancia/UCR antipersonalista),"Modo de salida: resignation. Enfermo (diabetes), delega el mando en 1940 y renuncia en 1942; muere jul. 1942.","general_knowledge (hecho publico, pendiente de revision independiente segun PLAN_ARGENTINA.md #0.2)",high
1942-06-27,day,presidency_end,Cesa Ramón S. Castillo (delegación/interino),Vicepresidente en ejercicio,Modo de salida: succession. Ejerce por delegación desde 1940 y asume plenamente al renunciar Ortiz.,"general_knowledge (hecho publico, pendiente de revision independiente segun PLAN_ARGENTINA.md #0.2)",medium
1942-06-27,day,presidency_start,Asume Ramón S. Castillo,Presidente (Concordancia),Modo de acceso: succession. Depuesto por el golpe del GOU el 4 de junio de 1943.,"general_knowledge (hecho publico, pendiente de revision independiente segun PLAN_ARGENTINA.md #0.2)",high
1943-06-04,day,presidency_end,Cesa Ramón S. Castillo,Presidente (Concordancia),Modo de salida: coup. Depuesto por el golpe del GOU el 4 de junio de 1943.,"general_knowledge (hecho publico, pendiente de revision independiente segun PLAN_ARGENTINA.md #0.2)",high
1943-06-04,day,presidency_start,Asume Arturo Rawson,Presidente de facto,Modo de acceso: coup. Dura solo dos días; reemplazado dentro de la propia cúpula militar.,"general_knowledge (hecho publico, pendiente de revision independiente segun PLAN_ARGENTINA.md #0.2)",medium
1943-06-04,day,coup,Golpe de Estado del 4 de junio de 1943 (GOU),Grupo de Oficiales Unidos,Derroca a Ramón S. Castillo; de este proceso surge Perón como figura política.,"general_knowledge (hecho publico, pendiente de revision independiente segun PLAN_ARGENTINA.md #0.2)",high
1943-06-07,day,presidency_end,Cesa Arturo Rawson,Presidente de facto,Modo de salida: coup. Dura solo dos días; reemplazado dentro de la propia cúpula militar.,"general_knowledge (hecho publico, pendiente de revision independiente segun PLAN_ARGENTINA.md #0.2)",medium
1943-06-07,day,presidency_start,Asume Pedro Pablo Ramírez,Presidente de facto,Modo de acceso: coup. Renuncia presionado por el GOU tras romper relaciones con el Eje y presiones internas.,"general_knowledge (hecho publico, pendiente de revision independiente segun PLAN_ARGENTINA.md #0.2)",high
1944-02-24,day,presidency_end,Cesa Pedro Pablo Ramírez,Presidente de facto,Modo de salida: resignation. Renuncia presionado por el GOU tras romper relaciones con el Eje y presiones internas.,"general_knowledge (hecho publico, pendiente de revision independiente segun PLAN_ARGENTINA.md #0.2)",high
1944-02-24,day,presidency_start,Asume Edelmiro Julián Farrell,Presidente de facto,"Modo de acceso: succession. Bajo su gobierno, Perón ocupa la Secretaría de Trabajo y luego la vicepresidencia.","general_knowledge (hecho publico, pendiente de revision independiente segun PLAN_ARGENTINA.md #0.2)",high
1946-02-24,day,election_presidential,Elección presidencial de 1946,Perón - Quijano (Laborista-Unión Civica Radical Junta Renovadora Y Aliados),Padron: 3.405.173. Votos totales: 2.839.487. Participacion: 83.39%. Top 3 (sobre votos validos): Perón - Quijano (Laborista-Unión Civica Radical Junta Renovadora Y Aliados) 52.84% (votos validos); Tamborini - Mosca 	(Alianza Unión Democrática) 42.87% (votos validos); Demócrata Nacional 1.54% (votos validos).,"PoliticaArgentina/data_warehouse (GitHub, electorAr/data/escrutinios_definitivos), descargado el 2026-09-15: https://github.com/PoliticaArgentina/data_warehouse",high
1946-06-04,day,presidency_end,Cesa Edelmiro Julián Farrell,Presidente de facto,"Modo de salida: election_presidential. Bajo su gobierno, Perón ocupa la Secretaría de Trabajo y luego la vicepresidencia.","general_knowledge (hecho publico, pendiente de revision independiente segun PLAN_ARGENTINA.md #0.2)",high
1946-06-04,day,presidency_start,Asume Juan Domingo Perón (1er mandato),Presidente (Partido Peronista),Modo de acceso: election_presidential. Elegido en feb. 1946; primer gobierno peronista.,"general_knowledge (hecho publico, pendiente de revision independiente segun PLAN_ARGENTINA.md #0.2)",high
1949-03-11,day,constitutional_reform,Reforma constitucional de 1949 (peronista),Convención Constituyente,"Incorpora derechos sociales, reelección presidencial indefinida y nacionalización de recursos; derogada de facto en 1956.","general_knowledge (hecho publico, pendiente de revision independiente segun PLAN_ARGENTINA.md #0.2)",high
1951-09-28,day,coup,Levantamiento militar de Benjamín Menéndez (fallido),Gral. Benjamín Menéndez,"FALLIDO. Intento de golpe contra Perón, sofocado en pocas horas.","general_knowledge (hecho publico, pendiente de revision independiente segun PLAN_ARGENTINA.md #0.2)",medium
1951-11-11,day,election_presidential,Elección presidencial de 1951,Perón - Quijano (Peronista),Padron: 8.633.998. Votos totales: 7.593.938. Participacion: 87.95%. Top 3 (sobre votos validos): Perón - Quijano (Peronista) 63.4% (votos validos); Balbín - Frondizi (Unión Cívica Radical) 32.28% (votos validos); Pastor - Solano Lima (Demócrata ) 2.33% (votos validos).,"PoliticaArgentina/data_warehouse (GitHub, electorAr/data/escrutinios_definitivos), descargado el 2026-09-15: https://github.com/PoliticaArgentina/data_warehouse",high
1952-06-04,day,presidency_end,Cesa Juan Domingo Perón (1er mandato),Presidente (Partido Peronista),Modo de salida: term_end. Elegido en feb. 1946; primer gobierno peronista.,"general_knowledge (hecho publico, pendiente de revision independiente segun PLAN_ARGENTINA.md #0.2)",high
1952-06-04,day,presidency_start,Asume Juan Domingo Perón (2do mandato),Presidente (Partido Peronista),Modo de acceso: election_presidential. Reelecto en nov. 1951 (primeras elecciones con voto femenino); depuesto por la 'Revolución Libertadora'.,"general_knowledge (hecho publico, pendiente de revision independiente segun PLAN_ARGENTINA.md #0.2)",high
1955-09-16,day,coup,Revolución Libertadora,Eduardo Lonardi / Pedro E. Aramburu,Golpe cívico-militar que derroca a Perón; inicia la proscripción del peronismo.,"general_knowledge (hecho publico, pendiente de revision independiente segun PLAN_ARGENTINA.md #0.2)",high
1955-09-21,day,presidency_end,Cesa Juan Domingo Perón (2do mandato),Presidente (Partido Peronista),Modo de salida: coup. Reelecto en nov. 1951 (primeras elecciones con voto femenino); depuesto por la 'Revolución Libertadora'.,"general_knowledge (hecho publico, pendiente de revision independiente segun PLAN_ARGENTINA.md #0.2)",high
1955-09-23,day,presidency_start,Asume Eduardo Lonardi,Presidente de facto,Modo de acceso: coup. Desplazado internamente por el sector 'gorila' duro de las FF.AA.,"general_knowledge (hecho publico, pendiente de revision independiente segun PLAN_ARGENTINA.md #0.2)",high
1955-11-13,day,presidency_end,Cesa Eduardo Lonardi,Presidente de facto,Modo de salida: coup. Desplazado internamente por el sector 'gorila' duro de las FF.AA.,"general_knowledge (hecho publico, pendiente de revision independiente segun PLAN_ARGENTINA.md #0.2)",high
1955-11-13,day,presidency_start,Asume Pedro Eugenio Aramburu,Presidente de facto,Modo de acceso: coup. Proscribe al peronismo; convoca las elecciones de 1958.,"general_knowledge (hecho publico, pendiente de revision independiente segun PLAN_ARGENTINA.md #0.2)",high
1957-08-30,day,constitutional_reform,Reforma constitucional de 1957 (parcial),Convención Constituyente (bajo gobierno de facto),Convocada por Aramburu tras anular la reforma de 1949; incorpora el art. 14 bis.,"general_knowledge (hecho publico, pendiente de revision independiente segun PLAN_ARGENTINA.md #0.2)",high
1958-01-01,year,imf_agreement,Primer acuerdo Stand-By con el FMI,Gobierno de Arturo Frondizi,Argentina ingresa como miembro pleno del FMI en 1956 y firma su primer stand-by en 1958.,"general_knowledge (hecho publico, pendiente de revision independiente segun PLAN_ARGENTINA.md #0.2)",medium
1958-02-23,day,election_presidential,Elección presidencial de 1958,Frondizi - Gómez (Union Civica Radical Intransigente),Padron: 10.002.327. Votos totales: 9.297.366. Participacion: 92.95%. Top 3 (sobre votos validos): Frondizi - Gómez (Union Civica Radical Intransigente) 47.81% (votos validos); Balbín - Del Castillo (Unión Cívica Radical Del Pueblo) 30.75% (votos validos); Palacios - Sánchez Viamonte (Socialista) 6.15% (votos validos).,"PoliticaArgentina/data_warehouse (GitHub, electorAr/data/escrutinios_definitivos), descargado el 2026-09-15: https://github.com/PoliticaArgentina/data_warehouse",high
1958-05-01,day,presidency_end,Cesa Pedro Eugenio Aramburu,Presidente de facto,Modo de salida: election_presidential. Proscribe al peronismo; convoca las elecciones de 1958.,"general_knowledge (hecho publico, pendiente de revision independiente segun PLAN_ARGENTINA.md #0.2)",high
1958-05-01,day,presidency_start,Asume Arturo Frondizi,Presidente (UCRI),Modo de acceso: election_presidential. Depuesto por las Fuerzas Armadas tras permitir el triunfo peronista en elecciones provinciales de 1962.,"general_knowledge (hecho publico, pendiente de revision independiente segun PLAN_ARGENTINA.md #0.2)",high
1962-03-29,day,presidency_end,Cesa Arturo Frondizi,Presidente (UCRI),Modo de salida: coup. Depuesto por las Fuerzas Armadas tras permitir el triunfo peronista en elecciones provinciales de 1962.,"general_knowledge (hecho publico, pendiente de revision independiente segun PLAN_ARGENTINA.md #0.2)",high
1962-03-29,day,presidency_start,Asume José María Guido,"Presidente (Senado, bajo tutela militar)",Modo de acceso: succession. Presidente del Senado que asume por acefalía bajo fuerte presión militar; el peronismo sigue proscripto.,"general_knowledge (hecho publico, pendiente de revision independiente segun PLAN_ARGENTINA.md #0.2)",high
1962-03-29,day,coup,Golpe de Estado del 29 de marzo de 1962,Fuerzas Armadas,Derroca a Arturo Frondizi tras la victoria peronista en elecciones provinciales de 1962.,"general_knowledge (hecho publico, pendiente de revision independiente segun PLAN_ARGENTINA.md #0.2)",high
1962-04-01,month,coup,Sublevaciones 'azules y colorados' (1962-63),Facciones del Ejército,FALLIDO. Enfrentamientos internos de las FF.AA. durante el gobierno de facto de Guido; no derrocan al gobierno.,"general_knowledge (hecho publico, pendiente de revision independiente segun PLAN_ARGENTINA.md #0.2)",medium
1963-07-07,day,election_presidential,Elección presidencial de 1963,Illia-Perette (Unión Cívica Radical Del Pueblo),Padron: 11.356.240. Votos totales: 9.690.816. Participacion: 85.33%. Top 3 (sobre votos validos): Illia-Perette (Unión Cívica Radical Del Pueblo) 31.98% (votos validos); Alende-Gelsi (Unión Cívica Radical Intransigente) 20.87% (votos validos); Aramburu-Etchevehere (Unión Del Pueblo Argentino) 9.55% (votos validos).,"PoliticaArgentina/data_warehouse (GitHub, electorAr/data/escrutinios_definitivos), descargado el 2026-09-15: https://github.com/PoliticaArgentina/data_warehouse",high
1963-10-12,day,presidency_end,Cesa José María Guido,"Presidente (Senado, bajo tutela militar)",Modo de salida: election_presidential. Presidente del Senado que asume por acefalía bajo fuerte presión militar; el peronismo sigue proscripto.,"general_knowledge (hecho publico, pendiente de revision independiente segun PLAN_ARGENTINA.md #0.2)",high
1963-10-12,day,presidency_start,Asume Arturo Illia,Presidente (UCRP),Modo de acceso: election_presidential. Depuesto por el golpe de la 'Revolución Argentina' del 28 de junio de 1966.,"general_knowledge (hecho publico, pendiente de revision independiente segun PLAN_ARGENTINA.md #0.2)",high
1966-06-28,day,presidency_end,Cesa Arturo Illia,Presidente (UCRP),Modo de salida: coup. Depuesto por el golpe de la 'Revolución Argentina' del 28 de junio de 1966.,"general_knowledge (hecho publico, pendiente de revision independiente segun PLAN_ARGENTINA.md #0.2)",high
1966-06-28,day,coup,Revolución Argentina,Juan Carlos Onganía,Derroca a Arturo Illia; instaura una dictadura sin plazo electoral definido.,"general_knowledge (hecho publico, pendiente de revision independiente segun PLAN_ARGENTINA.md #0.2)",high
1966-06-29,day,presidency_start,Asume Juan Carlos Onganía,Presidente de facto,Modo de acceso: coup. Depuesto internamente por la Junta de Comandantes tras el Cordobazo (1969) y crisis política.,"general_knowledge (hecho publico, pendiente de revision independiente segun PLAN_ARGENTINA.md #0.2)",high
1967-01-01,year,imf_agreement,Acuerdo Stand-By con el FMI,Gobierno de Juan Carlos Onganía,Programa de estabilización tras la devaluación de 1967 (plan Krieger Vasena).,"general_knowledge (hecho publico, pendiente de revision independiente segun PLAN_ARGENTINA.md #0.2)",medium
1970-06-08,day,presidency_end,Cesa Juan Carlos Onganía,Presidente de facto,Modo de salida: coup. Depuesto internamente por la Junta de Comandantes tras el Cordobazo (1969) y crisis política.,"general_knowledge (hecho publico, pendiente de revision independiente segun PLAN_ARGENTINA.md #0.2)",high
1970-06-18,day,presidency_start,Asume Roberto Marcelo Levingston,Presidente de facto,Modo de acceso: coup. Depuesto internamente por la Junta de Comandantes.,"general_knowledge (hecho publico, pendiente de revision independiente segun PLAN_ARGENTINA.md #0.2)",high
1971-03-23,day,presidency_end,Cesa Roberto Marcelo Levingston,Presidente de facto,Modo de salida: coup. Depuesto internamente por la Junta de Comandantes.,"general_knowledge (hecho publico, pendiente de revision independiente segun PLAN_ARGENTINA.md #0.2)",high
1971-03-26,day,presidency_start,Asume Alejandro Agustín Lanusse,Presidente de facto,Modo de acceso: coup. Convoca al 'Gran Acuerdo Nacional' y a las elecciones de 1973.,"general_knowledge (hecho publico, pendiente de revision independiente segun PLAN_ARGENTINA.md #0.2)",high
1973-03-11,day,election_presidential,Elección presidencial de marzo de 1973,Héctor Cámpora (FREJULI),"Primera elección tras 18 años de proscripción parcial del peronismo (Perón no pudo ser candidato). Top 3 (aprox., fuente secundaria): Héctor Cámpora (FREJULI) 49.6%; Ricardo Balbín (UCR) 21.3%; Francisco Manrique (Alianza Popular Federalista) 14.9%. Participacion aprox.: 85.3%.","general_knowledge (hecho publico, pendiente de revision independiente segun PLAN_ARGENTINA.md #0.2)",medium
1973-05-25,day,presidency_end,Cesa Alejandro Agustín Lanusse,Presidente de facto,Modo de salida: election_presidential. Convoca al 'Gran Acuerdo Nacional' y a las elecciones de 1973.,"general_knowledge (hecho publico, pendiente de revision independiente segun PLAN_ARGENTINA.md #0.2)",high
1973-05-25,day,presidency_start,Asume Héctor José Cámpora,Presidente (FREJULI),"Modo de acceso: election_presidential. Renuncia para posibilitar nuevas elecciones con la candidatura de Perón ('Cámpora al gobierno, Perón al poder').","general_knowledge (hecho publico, pendiente de revision independiente segun PLAN_ARGENTINA.md #0.2)",high
1973-07-13,day,presidency_end,Cesa Héctor José Cámpora,Presidente (FREJULI),"Modo de salida: resignation. Renuncia para posibilitar nuevas elecciones con la candidatura de Perón ('Cámpora al gobierno, Perón al poder').","general_knowledge (hecho publico, pendiente de revision independiente segun PLAN_ARGENTINA.md #0.2)",high
1973-07-13,day,presidency_start,Asume Raúl Alberto Lastiri,"Presidente (interino, Cámara de Diputados)",Modo de acceso: succession. Preside el interinato hasta la asunción de Perón.,"general_knowledge (hecho publico, pendiente de revision independiente segun PLAN_ARGENTINA.md #0.2)",high
1973-09-23,day,election_presidential,Elección presidencial de septiembre de 1973,Juan D. Perón / Isabel Perón (FREJULI),"Perón vuelve a la presidencia con fórmula integrada por su esposa como vicepresidenta. Top 3 (aprox., fuente secundaria): Perón - Perón (FREJULI) 61.9%; Balbín - de la Rúa (UCR) 24.4%; Manrique - Martínez Raymonda 3.6%. Participacion aprox.: 85.0%.","general_knowledge (hecho publico, pendiente de revision independiente segun PLAN_ARGENTINA.md #0.2)",medium
1973-10-12,day,presidency_end,Cesa Raúl Alberto Lastiri,"Presidente (interino, Cámara de Diputados)",Modo de salida: election_presidential. Preside el interinato hasta la asunción de Perón.,"general_knowledge (hecho publico, pendiente de revision independiente segun PLAN_ARGENTINA.md #0.2)",high
1973-10-12,day,presidency_start,Asume Juan Domingo Perón (3er mandato),Presidente (Partido Justicialista/FREJULI),Modo de acceso: election_presidential. Muere en el cargo el 1-jul-1974.,"general_knowledge (hecho publico, pendiente de revision independiente segun PLAN_ARGENTINA.md #0.2)",high
1974-07-01,day,presidency_end,Cesa Juan Domingo Perón (3er mandato),Presidente (Partido Justicialista/FREJULI),Modo de salida: death. Muere en el cargo el 1-jul-1974.,"general_knowledge (hecho publico, pendiente de revision independiente segun PLAN_ARGENTINA.md #0.2)",high
1974-07-01,day,presidency_start,Asume María Estela 'Isabel' Martínez de Perón,Presidenta (ex vicepresidenta),Modo de acceso: succession. Depuesta por el golpe del 24 de marzo de 1976 ('Proceso de Reorganización Nacional').,"general_knowledge (hecho publico, pendiente de revision independiente segun PLAN_ARGENTINA.md #0.2)",high
1976-01-01,year,imf_agreement,Acuerdo Stand-By con el FMI,Gobierno de facto (Videla / Martínez de Hoz),Acompaña el programa de apertura financiera y la 'tablita cambiaria'.,"general_knowledge (hecho publico, pendiente de revision independiente segun PLAN_ARGENTINA.md #0.2)",medium
1976-03-24,day,presidency_end,Cesa María Estela 'Isabel' Martínez de Perón,Presidenta (ex vicepresidenta),Modo de salida: coup. Depuesta por el golpe del 24 de marzo de 1976 ('Proceso de Reorganización Nacional').,"general_knowledge (hecho publico, pendiente de revision independiente segun PLAN_ARGENTINA.md #0.2)",high
1976-03-24,day,coup,Golpe de Estado del 24 de marzo de 1976 (Proceso de Reorganización Nacional),"Junta Militar (Videla, Massera, Agosti)",Derroca a Isabel Perón; inicia el terrorismo de Estado y la desaparición forzada de personas.,"general_knowledge (hecho publico, pendiente de revision independiente segun PLAN_ARGENTINA.md #0.2)",high
1976-03-29,day,presidency_start,Asume Jorge Rafael Videla,Presidente de facto (Junta Militar),Modo de acceso: coup. Primer presidente de la dictadura 1976-1983.,"general_knowledge (hecho publico, pendiente de revision independiente segun PLAN_ARGENTINA.md #0.2)",high
1981-03-29,day,presidency_end,Cesa Jorge Rafael Videla,Presidente de facto (Junta Militar),Modo de salida: succession. Primer presidente de la dictadura 1976-1983.,"general_knowledge (hecho publico, pendiente de revision independiente segun PLAN_ARGENTINA.md #0.2)",high
1981-03-29,day,presidency_start,Asume Roberto Eduardo Viola,Presidente de facto (Junta Militar),Modo de acceso: succession. Removido internamente por la Junta Militar por diferencias económicas y de salud.,"general_knowledge (hecho publico, pendiente de revision independiente segun PLAN_ARGENTINA.md #0.2)",high
1981-12-11,day,presidency_end,Cesa Roberto Eduardo Viola,Presidente de facto (Junta Militar),Modo de salida: coup. Removido internamente por la Junta Militar por diferencias económicas y de salud.,"general_knowledge (hecho publico, pendiente de revision independiente segun PLAN_ARGENTINA.md #0.2)",high
1981-12-22,day,presidency_start,Asume Leopoldo Fortunato Galtieri,Presidente de facto (Junta Militar),Modo de acceso: coup. Ordena la ocupación de las Malvinas (2-abr-1982); renuncia tras la derrota (14-jun-1982).,"general_knowledge (hecho publico, pendiente de revision independiente segun PLAN_ARGENTINA.md #0.2)",high
1982-01-01,year,default,Reestructuración de la deuda externa (crisis de la deuda latinoamericana),Gobierno de facto (Bignone),Argentina entra en la crisis regional de deuda tras la moratoria mexicana de 1982; renegociaciones sucesivas durante los 80.,"general_knowledge (hecho publico, pendiente de revision independiente segun PLAN_ARGENTINA.md #0.2)",medium
1982-04-02,day,war,Guerra de Malvinas (inicio),Gobierno de facto (Galtieri),Desembarco argentino en las Islas Malvinas; guerra con el Reino Unido hasta el 14-jun-1982.,"general_knowledge (hecho publico, pendiente de revision independiente segun PLAN_ARGENTINA.md #0.2)",high
1982-06-14,day,war,Guerra de Malvinas (rendición argentina),Gobierno de facto (Galtieri/Menéndez),Rendición de las fuerzas argentinas en Puerto Argentino/Stanley; acelera la caída de la dictadura.,"general_knowledge (hecho publico, pendiente de revision independiente segun PLAN_ARGENTINA.md #0.2)",high
1982-06-18,day,presidency_end,Cesa Leopoldo Fortunato Galtieri,Presidente de facto (Junta Militar),Modo de salida: resignation. Ordena la ocupación de las Malvinas (2-abr-1982); renuncia tras la derrota (14-jun-1982).,"general_knowledge (hecho publico, pendiente de revision independiente segun PLAN_ARGENTINA.md #0.2)",high
1982-07-01,day,presidency_start,Asume Reynaldo Bignone,Presidente de facto,Modo de acceso: succession. Gestiona la transición y convoca las elecciones de octubre de 1983.,"general_knowledge (hecho publico, pendiente de revision independiente segun PLAN_ARGENTINA.md #0.2)",high
1983-10-30,day,election_presidential,Elección presidencial de 1983,Alfonsin - Martinez (Union Civica Radical),Padron: 17.929.951. Votos totales: 15.327.169. Participacion: 85.48%. Top 3 (sobre votos validos): Alfonsin - Martinez (Union Civica Radical) 51.83% (votos validos); Luder - Bittel (Justicialista) 40.23% (votos validos); Alende - Viale (Intransigente) 2.33% (votos validos).,"PoliticaArgentina/data_warehouse (GitHub, electorAr/data/escrutinios_definitivos), descargado el 2026-09-15: https://github.com/PoliticaArgentina/data_warehouse",high
1983-12-10,day,presidency_end,Cesa Reynaldo Bignone,Presidente de facto,Modo de salida: election_presidential. Gestiona la transición y convoca las elecciones de octubre de 1983.,"general_knowledge (hecho publico, pendiente de revision independiente segun PLAN_ARGENTINA.md #0.2)",high
1983-12-10,day,presidency_start,Asume Raúl Ricardo Alfonsín,Presidente (UCR),Modo de acceso: election_presidential. Entrega el poder anticipadamente (5 meses antes) en medio de la hiperinflación de 1989.,"general_knowledge (hecho publico, pendiente de revision independiente segun PLAN_ARGENTINA.md #0.2)",high
1984-01-01,year,imf_agreement,Acuerdo Stand-By con el FMI,Gobierno de Raúl Alfonsín,Renegociación de la deuda heredada de la dictadura en medio de alta inflación.,"general_knowledge (hecho publico, pendiente de revision independiente segun PLAN_ARGENTINA.md #0.2)",medium
1987-04-16,day,coup,Levantamiento carapintada de Semana Santa (fallido),Aldo Rico,"FALLIDO. Primer alzamiento 'carapintada' contra Alfonsín, en Campo de Mayo; termina sin derrocar al gobierno.","general_knowledge (hecho publico, pendiente de revision independiente segun PLAN_ARGENTINA.md #0.2)",high
1988-01-14,day,coup,Levantamiento carapintada de Monte Caseros (fallido),Aldo Rico,FALLIDO. Segundo alzamiento carapintada contra Alfonsín.,"general_knowledge (hecho publico, pendiente de revision independiente segun PLAN_ARGENTINA.md #0.2)",high
1988-12-01,day,coup,Levantamiento carapintada de Villa Martelli (fallido),Mohamed Alí Seineldín,FALLIDO. Tercer alzamiento carapintada contra Alfonsín.,"general_knowledge (hecho publico, pendiente de revision independiente segun PLAN_ARGENTINA.md #0.2)",high
1989-01-01,year,imf_agreement,Acuerdo Stand-By / Facilidad Ampliada con el FMI,Gobierno de Carlos Menem,Programa de estabilización tras la hiperinflación de 1989.,"general_knowledge (hecho publico, pendiente de revision independiente segun PLAN_ARGENTINA.md #0.2)",medium
1989-05-01,month,hyperinflation,Hiperinflación de 1989,Gobierno de Raúl Alfonsín,Pico inflacionario (>200% mensual en jul-1989) que provoca saqueos y la entrega anticipada del mando.,"general_knowledge (hecho publico, pendiente de revision independiente segun PLAN_ARGENTINA.md #0.2)",high
1989-05-14,day,election_presidential,Elección presidencial de 1989,Menem - Duhalde (Frente Justicialista De Unidad Popular),Padron: 20.034.252. Votos totales: 17.003.164. Participacion: 84.87%. Top 3 (sobre votos validos): Menem - Duhalde (Frente Justicialista De Unidad Popular) 48.65% (votos validos); Angeloz - Casella (Union Civica Radical) 33.24% (votos validos); Alsogaray - Natale (Alianza De Centro) 7.04% (votos validos).,"PoliticaArgentina/data_warehouse (GitHub, electorAr/data/escrutinios_definitivos), descargado el 2026-09-15: https://github.com/PoliticaArgentina/data_warehouse",high
1989-05-25,day,crisis_banking,Saqueos de mayo/junio de 1989,—,"Saqueos a supermercados en el contexto de la hiperinflación, principalmente en el Gran Buenos Aires y Rosario.","general_knowledge (hecho publico, pendiente de revision independiente segun PLAN_ARGENTINA.md #0.2)",high
1989-07-08,day,presidency_end,Cesa Raúl Ricardo Alfonsín,Presidente (UCR),Modo de salida: resignation. Entrega el poder anticipadamente (5 meses antes) en medio de la hiperinflación de 1989.,"general_knowledge (hecho publico, pendiente de revision independiente segun PLAN_ARGENTINA.md #0.2)",high
1989-07-08,day,presidency_start,Asume Carlos Saúl Menem (1er mandato),Presidente (PJ),Modo de acceso: election_presidential. Asume anticipadamente; Plan de Convertibilidad desde 1991.,"general_knowledge (hecho publico, pendiente de revision independiente segun PLAN_ARGENTINA.md #0.2)",high
1990-01-01,month,hyperinflation,Segunda ola hiperinflacionaria de 1990,Gobierno de Carlos Menem,Nuevo pico inflacionario en los primeros meses de 1990 pese al Plan Bonex (conversión compulsiva de depósitos).,"general_knowledge (hecho publico, pendiente de revision independiente segun PLAN_ARGENTINA.md #0.2)",high
1990-12-03,day,coup,Levantamiento carapintada de diciembre de 1990 (fallido),Mohamed Alí Seineldín,"FALLIDO. Último alzamiento carapintada, ya bajo la presidencia de Menem; sofocado con víctimas fatales.","general_knowledge (hecho publico, pendiente de revision independiente segun PLAN_ARGENTINA.md #0.2)",high
1991-01-01,year,imf_agreement,Acuerdo con el FMI (Facilidad Ampliada),Gobierno de Carlos Menem,Acompaña el lanzamiento del Plan de Convertibilidad.,"general_knowledge (hecho publico, pendiente de revision independiente segun PLAN_ARGENTINA.md #0.2)",medium
1991-04-01,day,currency_regime_change,Inicio del Plan de Convertibilidad,"Domingo Cavallo (Min. Economía, gob. Menem)",Ley 23.928: fija el peso a 1 = 1 dólar por ley y respaldo total de la base monetaria con reservas.,"general_knowledge (hecho publico, pendiente de revision independiente segun PLAN_ARGENTINA.md #0.2)",high
1994-08-22,day,constitutional_reform,Reforma constitucional de 1994,Convención Constituyente (Pacto de Olivos),"Habilita la reelección presidencial inmediata, acorta el mandato a 4 años, crea la Jefatura de Gabinete y otorga autonomía a CABA.","general_knowledge (hecho publico, pendiente de revision independiente segun PLAN_ARGENTINA.md #0.2)",high
1995-05-14,day,election_presidential,Elección presidencial de 1995,Menem - Ruckauf,Padron: 22.178.154. Votos totales: 18.173.390. Participacion: 81.94%. Top 3 (sobre votos validos): Menem - Ruckauf 49.94% (votos validos); Bordon - Alvarez 29.3% (votos validos); Massaccessi - Hernández 16.99% (votos validos).,"PoliticaArgentina/data_warehouse (GitHub, electorAr/data/escrutinios_definitivos), descargado el 2026-09-15: https://github.com/PoliticaArgentina/data_warehouse",high
1995-07-08,day,presidency_end,Cesa Carlos Saúl Menem (1er mandato),Presidente (PJ),Modo de salida: term_end. Asume anticipadamente; Plan de Convertibilidad desde 1991.,"general_knowledge (hecho publico, pendiente de revision independiente segun PLAN_ARGENTINA.md #0.2)",high
1995-07-08,day,presidency_start,Asume Carlos Saúl Menem (2do mandato),Presidente (PJ),Modo de acceso: election_presidential. Reelecto tras la reforma constitucional de 1994 que habilitó la reelección.,"general_knowledge (hecho publico, pendiente de revision independiente segun PLAN_ARGENTINA.md #0.2)",high
1999-10-24,day,election_presidential,Elección presidencial de 1999,De La Rua - Alvarez,Padron: 24.121.277. Votos totales: 19.848.705. Participacion: 82.29%. Top 3 (sobre votos validos): De La Rua - Alvarez 48.37% (votos validos); Duhalde - Ortega 38.27% (votos validos); Cavallo - Caro Figueroa 10.22% (votos validos).,"PoliticaArgentina/data_warehouse (GitHub, electorAr/data/escrutinios_definitivos), descargado el 2026-09-15: https://github.com/PoliticaArgentina/data_warehouse",high
1999-12-10,day,presidency_end,Cesa Carlos Saúl Menem (2do mandato),Presidente (PJ),Modo de salida: term_end. Reelecto tras la reforma constitucional de 1994 que habilitó la reelección.,"general_knowledge (hecho publico, pendiente de revision independiente segun PLAN_ARGENTINA.md #0.2)",high
1999-12-10,day,presidency_start,Asume Fernando de la Rúa,Presidente (Alianza UCR-FREPASO),Modo de acceso: election_presidential. Renuncia en medio de la crisis del corralito y los saqueos de dic. 2001.,"general_knowledge (hecho publico, pendiente de revision independiente segun PLAN_ARGENTINA.md #0.2)",high
2000-03-10,day,imf_agreement,Acuerdo Stand-By con el FMI (blindaje 2000-2001),Gobierno de Fernando de la Rúa,Antecede al 'megacanje' 2001 y al colapso de la convertibilidad.,"general_knowledge (hecho publico, pendiente de revision independiente segun PLAN_ARGENTINA.md #0.2)",medium
2001-12-01,day,crisis_banking,Corralito bancario,Ministro Domingo Cavallo (gob. De la Rúa),Restricción a la extracción de depósitos bancarios; detona los saqueos y protestas de diciembre de 2001.,"general_knowledge (hecho publico, pendiente de revision independiente segun PLAN_ARGENTINA.md #0.2)",high
2001-12-20,day,presidency_end,Cesa Fernando de la Rúa,Presidente (Alianza UCR-FREPASO),Modo de salida: resignation. Renuncia en medio de la crisis del corralito y los saqueos de dic. 2001.,"general_knowledge (hecho publico, pendiente de revision independiente segun PLAN_ARGENTINA.md #0.2)",high
2001-12-21,day,presidency_start,Asume Ramón Puerta,Presidente provisional (Senado),"Modo de acceso: succession. Presidente provisional del Senado, asume por acefalía.","general_knowledge (hecho publico, pendiente de revision independiente segun PLAN_ARGENTINA.md #0.2)",high
2001-12-23,day,presidency_end,Cesa Ramón Puerta,Presidente provisional (Senado),"Modo de salida: succession. Presidente provisional del Senado, asume por acefalía.","general_knowledge (hecho publico, pendiente de revision independiente segun PLAN_ARGENTINA.md #0.2)",high
2001-12-23,day,presidency_start,Asume Adolfo Rodríguez Saá,"Presidente (interino, Asamblea Legislativa)",Modo de acceso: congress. Declara el default de la deuda pública (23-dic-2001) y renuncia días después.,"general_knowledge (hecho publico, pendiente de revision independiente segun PLAN_ARGENTINA.md #0.2)",high
2001-12-23,day,default,Default de la deuda soberana (declarado por Rodríguez Saá),Adolfo Rodríguez Saá,"Mayor default soberano de la historia hasta ese momento (~USD 100.000 M), anunciado ante la Asamblea Legislativa.","general_knowledge (hecho publico, pendiente de revision independiente segun PLAN_ARGENTINA.md #0.2)",high
2001-12-30,day,presidency_end,Cesa Adolfo Rodríguez Saá,"Presidente (interino, Asamblea Legislativa)",Modo de salida: resignation. Declara el default de la deuda pública (23-dic-2001) y renuncia días después.,"general_knowledge (hecho publico, pendiente de revision independiente segun PLAN_ARGENTINA.md #0.2)",high
2001-12-30,day,presidency_start,Asume Eduardo Camaño,Presidente provisional (Diputados),"Modo de acceso: succession. Presidente provisional de la Cámara de Diputados, interinato breve.","general_knowledge (hecho publico, pendiente de revision independiente segun PLAN_ARGENTINA.md #0.2)",high
2002-01-02,day,presidency_end,Cesa Eduardo Camaño,Presidente provisional (Diputados),"Modo de salida: succession. Presidente provisional de la Cámara de Diputados, interinato breve.","general_knowledge (hecho publico, pendiente de revision independiente segun PLAN_ARGENTINA.md #0.2)",high
2002-01-02,day,presidency_start,Asume Eduardo Alberto Duhalde,"Presidente (interino, Asamblea Legislativa)",Modo de acceso: congress. Designado por la Asamblea Legislativa; termina la convertibilidad (ene. 2002) y llama a elecciones anticipadas.,"general_knowledge (hecho publico, pendiente de revision independiente segun PLAN_ARGENTINA.md #0.2)",high
2002-01-06,day,currency_regime_change,Fin de la Convertibilidad,Gobierno de Eduardo Duhalde,Ley de Emergencia Pública 25.561: deroga la convertibilidad y devalúa el peso ('pesificación asimétrica').,"general_knowledge (hecho publico, pendiente de revision independiente segun PLAN_ARGENTINA.md #0.2)",high
2003-01-24,day,imf_agreement,Acuerdo Stand-By con el FMI (post-default),Gobierno de Eduardo Duhalde / Néstor Kirchner,Renegociación tras el default de 2001; Argentina cancela toda la deuda con el FMI en 2006.,"general_knowledge (hecho publico, pendiente de revision independiente segun PLAN_ARGENTINA.md #0.2)",medium
2003-04-27,day,election_presidential,Elección presidencial de 2003,Menem - Romero (Alianza Frente Por La Lealtad-Ucede),Padron: 25.480.440. Votos totales: 19.930.111. Participacion: 78.22%. Top 3 (sobre votos validos): Menem - Romero (Alianza Frente Por La Lealtad-Ucede) 24.45% (votos validos); Kirchner - Scioli (Alianza Frente Para La Victoria) 22.24% (votos validos); López Murphy - Gómez Diez (Alianza Movimiento Federal Para Recrear El Crecimiento) 16.37% (votos validos).,"PoliticaArgentina/data_warehouse (GitHub, electorAr/data/escrutinios_definitivos), descargado el 2026-09-15: https://github.com/PoliticaArgentina/data_warehouse",high
2003-05-25,day,presidency_end,Cesa Eduardo Alberto Duhalde,"Presidente (interino, Asamblea Legislativa)",Modo de salida: term_end. Designado por la Asamblea Legislativa; termina la convertibilidad (ene. 2002) y llama a elecciones anticipadas.,"general_knowledge (hecho publico, pendiente de revision independiente segun PLAN_ARGENTINA.md #0.2)",high
2003-05-25,day,presidency_start,Asume Néstor Carlos Kirchner,Presidente (FPV/PJ),Modo de acceso: election_presidential. Asume tras el retiro de Menem del ballotage de 2003.,"general_knowledge (hecho publico, pendiente de revision independiente segun PLAN_ARGENTINA.md #0.2)",high
2007-10-28,day,election_presidential,Elección presidencial de 2007,Fernández De Kirchner - Cobos (Alianza Frente Para La Victoria),Padron: 27.137.828. Votos totales: 20.673.170. Participacion: 76.18%. Top 3 (sobre votos validos): Fernández De Kirchner - Cobos (Alianza Frente Para La Victoria) 45.29% (votos validos); Carrió - Giustiniani (Alianza Confederacion Coalicion Civica) 23.04% (votos validos); Lavagna - Morales (Alianza Concertacion Una Nacion Avanzada) 16.91% (votos validos).,"PoliticaArgentina/data_warehouse (GitHub, electorAr/data/escrutinios_definitivos), descargado el 2026-09-15: https://github.com/PoliticaArgentina/data_warehouse",high
2007-12-10,day,presidency_end,Cesa Néstor Carlos Kirchner,Presidente (FPV/PJ),Modo de salida: term_end. Asume tras el retiro de Menem del ballotage de 2003.,"general_knowledge (hecho publico, pendiente de revision independiente segun PLAN_ARGENTINA.md #0.2)",high
2007-12-10,day,presidency_start,Asume Cristina Fernández de Kirchner (1er mandato),Presidenta (FPV/PJ),Modo de acceso: election_presidential.,"general_knowledge (hecho publico, pendiente de revision independiente segun PLAN_ARGENTINA.md #0.2)",high
2011-10-23,day,election_presidential,Elección presidencial de 2011,Fernández De Kirchner - Boudou (Alianza Frente Para La Victoria),Padron: 28.918.335. Votos totales: 22.956.385. Participacion: 79.38%. Top 3 (sobre votos validos): Fernández De Kirchner - Boudou (Alianza Frente Para La Victoria) 54.11% (votos validos); Binner - Morandini (Alianza Frente Amplio Progresista) 16.81% (votos validos); Alfonsin - González Fraga (Alianza Unión Para El Desarrollo Social) 11.14% (votos validos).,"PoliticaArgentina/data_warehouse (GitHub, electorAr/data/escrutinios_definitivos), descargado el 2026-09-15: https://github.com/PoliticaArgentina/data_warehouse",high
2011-10-31,day,currency_regime_change,Instauración del 'cepo cambiario' (2011),Gobierno de Cristina Fernández de Kirchner,Restricciones a la compra de moneda extranjera tras la reelección de 2011.,"general_knowledge (hecho publico, pendiente de revision independiente segun PLAN_ARGENTINA.md #0.2)",medium
2011-12-10,day,presidency_end,Cesa Cristina Fernández de Kirchner (1er mandato),Presidenta (FPV/PJ),Modo de salida: term_end.,"general_knowledge (hecho publico, pendiente de revision independiente segun PLAN_ARGENTINA.md #0.2)",high
2011-12-10,day,presidency_start,Asume Cristina Fernández de Kirchner (2do mandato),Presidenta (FPV/PJ),Modo de acceso: election_presidential. Reelecta en 2011.,"general_knowledge (hecho publico, pendiente de revision independiente segun PLAN_ARGENTINA.md #0.2)",high
2014-07-30,day,default,Default técnico de 2014 (litigio con fondos buitre),Gobierno de Cristina Fernández de Kirchner,Argentina no puede pagar a bonistas reestructurados por la medida cautelar del juez Thomas Griesa (NY) a favor de holdouts.,"general_knowledge (hecho publico, pendiente de revision independiente segun PLAN_ARGENTINA.md #0.2)",high
2015-10-25,day,election_presidential,Elección presidencial de 2015 (primera vuelta),Scioli - Zaninni (Alianza Frente Para La Victoria),Padron: 32.130.853. Votos totales: 26.048.446. Participacion: 81.07%. Top 3 (sobre votos validos): Scioli - Zaninni (Alianza Frente Para La Victoria) 37.08% (votos validos); Macri - Michetti (Alianza Cambiemos) 34.15% (votos validos); Massa - Saenz (Alianza Unidos Por Una Nueva Alternativa) 21.39% (votos validos).,"PoliticaArgentina/data_warehouse (GitHub, electorAr/data/escrutinios_definitivos), descargado el 2026-09-15: https://github.com/PoliticaArgentina/data_warehouse",high
2015-11-22,day,election_presidential,Ballotage presidencial de 2015,Macri - Michetti (Alianza Cambiemos),Padron: 32.130.853. Votos totales: 25.952.906. Participacion: 80.77%. Top 3 (sobre votos validos): Macri - Michetti (Alianza Cambiemos) 51.34% (votos validos); Scioli - Zaninni (Alianza Frente Para La Victoria) 48.66% (votos validos); Massa - Saenz (Alianza Unidos Por Una Nueva Alternativa) 0.0% (votos validos).,"PoliticaArgentina/data_warehouse (GitHub, electorAr/data/escrutinios_definitivos), descargado el 2026-09-15: https://github.com/PoliticaArgentina/data_warehouse",high
2015-12-10,day,presidency_end,Cesa Cristina Fernández de Kirchner (2do mandato),Presidenta (FPV/PJ),Modo de salida: term_end. Reelecta en 2011.,"general_knowledge (hecho publico, pendiente de revision independiente segun PLAN_ARGENTINA.md #0.2)",high
2015-12-10,day,presidency_start,Asume Mauricio Macri,Presidente (Cambiemos/PRO),Modo de acceso: election_presidential. Gana el ballotage de 2015; crisis cambiaria y acuerdo récord con el FMI en 2018.,"general_knowledge (hecho publico, pendiente de revision independiente segun PLAN_ARGENTINA.md #0.2)",high
2018-06-20,day,imf_agreement,Acuerdo Stand-By récord con el FMI (USD 57.000 M),Gobierno de Mauricio Macri,"El mayor préstamo de la historia del FMI hasta entonces, tras la corrida cambiaria de 2018.","general_knowledge (hecho publico, pendiente de revision independiente segun PLAN_ARGENTINA.md #0.2)",high
2019-09-01,day,currency_regime_change,Reinstauración de controles cambiarios (2019),Gobierno de Mauricio Macri,Controles de capitales tras la corrida cambiaria posterior a las PASO de agosto de 2019.,"general_knowledge (hecho publico, pendiente de revision independiente segun PLAN_ARGENTINA.md #0.2)",high
2019-10-27,day,election_presidential,Elección presidencial de 2019,Fernández - Fernández De Kirchner (Frente De Todos),Padron: 34.229.969. Votos totales: 27.545.903. Participacion: 80.47%. Top 3 (sobre votos validos): Fernández - Fernández De Kirchner (Frente De Todos) 48.24% (votos validos); Macri - Pichetto (Juntos Por El Cambio) 40.28% (votos validos); Lavagna - Urtubey (Consenso Federal) 6.15% (votos validos).,"PoliticaArgentina/data_warehouse (GitHub, electorAr/data/escrutinios_definitivos), descargado el 2026-09-15: https://github.com/PoliticaArgentina/data_warehouse",high
2019-12-10,day,presidency_end,Cesa Mauricio Macri,Presidente (Cambiemos/PRO),Modo de salida: term_end. Gana el ballotage de 2015; crisis cambiaria y acuerdo récord con el FMI en 2018.,"general_knowledge (hecho publico, pendiente de revision independiente segun PLAN_ARGENTINA.md #0.2)",high
2019-12-10,day,presidency_start,Asume Alberto Ángel Fernández,Presidente (Frente de Todos/PJ),Modo de acceso: election_presidential. Pandemia de COVID-19 (2020) y sequía histórica (2023) durante su mandato.,"general_knowledge (hecho publico, pendiente de revision independiente segun PLAN_ARGENTINA.md #0.2)",high
2020-03-20,day,pandemic,Aislamiento Social Preventivo y Obligatorio (ASPO) por COVID-19,Gobierno de Alberto Fernández,"Cuarentena nacional estricta desde el 20-mar-2020, una de las más extensas del mundo.","general_knowledge (hecho publico, pendiente de revision independiente segun PLAN_ARGENTINA.md #0.2)",high
2020-09-04,day,default,Reestructuración de la deuda soberana en dólares de 2020,Gobierno de Alberto Fernández / Martín Guzmán,Canje de bonos tras meses de default selectivo (mayo 2020) por atrasos de pago.,"general_knowledge (hecho publico, pendiente de revision independiente segun PLAN_ARGENTINA.md #0.2)",high
2022-03-25,day,imf_agreement,Acuerdo de Facilidades Extendidas con el FMI,Gobierno de Alberto Fernández,Refinancia el stand-by de 2018; aprobado por el Congreso en marzo de 2022.,"general_knowledge (hecho publico, pendiente de revision independiente segun PLAN_ARGENTINA.md #0.2)",high
2023-01-01,year,other,Sequía histórica 2022/2023,Sector agropecuario,La peor sequía en al menos 60 años reduce fuertemente la cosecha de soja y maíz y los ingresos por retenciones y divisas.,"general_knowledge (hecho publico, pendiente de revision independiente segun PLAN_ARGENTINA.md #0.2)",high
2023-10-22,day,election_presidential,Elección presidencial de 2023 (primera vuelta),—,"Ninguna fórmula alcanza el piso para ganar en primera vuelta; define ballotage. Top 3 (aprox., fuente secundaria): Sergio Massa (Unión por la Patria) 36.7%; Javier Milei (La Libertad Avanza) 30.0%; Patricia Bullrich (Juntos por el Cambio) 23.8%. Participacion aprox.: 77.7%.","general_knowledge (hecho publico, pendiente de revision independiente segun PLAN_ARGENTINA.md #0.2)",medium
2023-11-19,day,election_presidential,Ballotage presidencial de 2023,Javier Milei (La Libertad Avanza),"Milei gana el primer ballotage presidencial ganado por una fuerza libertaria en Argentina. Top 3 (aprox., fuente secundaria): Javier Milei (La Libertad Avanza) 55.7%; Sergio Massa (Unión por la Patria) 44.3%; — nd%. Participacion aprox.: 76.3%.","general_knowledge (hecho publico, pendiente de revision independiente segun PLAN_ARGENTINA.md #0.2)",medium
2023-12-10,day,presidency_end,Cesa Alberto Ángel Fernández,Presidente (Frente de Todos/PJ),Modo de salida: term_end. Pandemia de COVID-19 (2020) y sequía histórica (2023) durante su mandato.,"general_knowledge (hecho publico, pendiente de revision independiente segun PLAN_ARGENTINA.md #0.2)",high
2023-12-10,day,presidency_start,Asume Javier Gerardo Milei,Presidente (LLA),Modo de acceso: election_presidential. Presidente en funciones al cierre de esta cronología (2023).,"general_knowledge (hecho publico, pendiente de revision independiente segun PLAN_ARGENTINA.md #0.2)",high
