year,regime_mode,head_of_state,how_selected,elections_held,notes,source,vdem_regime
1810,civil_war_or_state_building,Primera Junta,congress,False,Guerras de independencia; juntas y triunviratos sin elecciones populares.,general_knowledge (periodizacion propia del analista a partir de historiografia estandar; ver README.md),
1811,civil_war_or_state_building,Primer Triunvirato,congress,False,Guerras de independencia; juntas y triunviratos sin elecciones populares.,general_knowledge (periodizacion propia del analista a partir de historiografia estandar; ver README.md),
1812,civil_war_or_state_building,Segundo Triunvirato,congress,False,Guerras de independencia; juntas y triunviratos sin elecciones populares.,general_knowledge (periodizacion propia del analista a partir de historiografia estandar; ver README.md),
1813,civil_war_or_state_building,Segundo Triunvirato,congress,False,Guerras de independencia; juntas y triunviratos sin elecciones populares.,general_knowledge (periodizacion propia del analista a partir de historiografia estandar; ver README.md),
1814,civil_war_or_state_building,Gervasio Antonio de Posadas,congress,False,Guerras de independencia; juntas y triunviratos sin elecciones populares.,general_knowledge (periodizacion propia del analista a partir de historiografia estandar; ver README.md),
1815,civil_war_or_state_building,Ignacio Álvarez Thomas (interino),succession,False,Guerras de independencia; juntas y triunviratos sin elecciones populares.,general_knowledge (periodizacion propia del analista a partir de historiografia estandar; ver README.md),
1816,civil_war_or_state_building,Juan Martín de Pueyrredón,congress,False,Guerras de independencia; juntas y triunviratos sin elecciones populares.,general_knowledge (periodizacion propia del analista a partir de historiografia estandar; ver README.md),
1817,civil_war_or_state_building,Juan Martín de Pueyrredón,congress,False,Guerras de independencia; juntas y triunviratos sin elecciones populares.,general_knowledge (periodizacion propia del analista a partir de historiografia estandar; ver README.md),
1818,civil_war_or_state_building,Juan Martín de Pueyrredón,congress,False,Guerras de independencia; juntas y triunviratos sin elecciones populares.,general_knowledge (periodizacion propia del analista a partir de historiografia estandar; ver README.md),
1819,civil_war_or_state_building,José Rondeau,congress,False,Guerras de independencia; juntas y triunviratos sin elecciones populares.,general_knowledge (periodizacion propia del analista a partir de historiografia estandar; ver README.md),
1820,civil_war_or_state_building,(sin autoridad nacional — autonomías provinciales),congress,False,"'Anarquía del Año XX'; sin poder ejecutivo nacional, autonomías provinciales.",general_knowledge (periodizacion propia del analista a partir de historiografia estandar; ver README.md),
1821,civil_war_or_state_building,(sin autoridad nacional — autonomías provinciales),congress,False,"'Anarquía del Año XX'; sin poder ejecutivo nacional, autonomías provinciales.",general_knowledge (periodizacion propia del analista a partir de historiografia estandar; ver README.md),
1822,civil_war_or_state_building,(sin autoridad nacional — autonomías provinciales),congress,False,"'Anarquía del Año XX'; sin poder ejecutivo nacional, autonomías provinciales.",general_knowledge (periodizacion propia del analista a partir de historiografia estandar; ver README.md),
1823,civil_war_or_state_building,(sin autoridad nacional — autonomías provinciales),congress,False,"'Anarquía del Año XX'; sin poder ejecutivo nacional, autonomías provinciales.",general_knowledge (periodizacion propia del analista a partir de historiografia estandar; ver README.md),
1824,civil_war_or_state_building,(sin autoridad nacional — autonomías provinciales),congress,False,"'Anarquía del Año XX'; sin poder ejecutivo nacional, autonomías provinciales.",general_knowledge (periodizacion propia del analista a partir de historiografia estandar; ver README.md),
1825,civil_war_or_state_building,(sin autoridad nacional — autonomías provinciales),congress,False,"'Anarquía del Año XX'; sin poder ejecutivo nacional, autonomías provinciales.",general_knowledge (periodizacion propia del analista a partir de historiografia estandar; ver README.md),
1826,transition,Bernardino Rivadavia,congress,False,Presidencia de Rivadavia bajo Constitución unitaria de 1826 no ratificada por las provincias.,general_knowledge (periodizacion propia del analista a partir de historiografia estandar; ver README.md),
1827,transition,Vicente López y Planes / Manuel Dorrego / guerra civil,congress,False,Presidencia de Rivadavia bajo Constitución unitaria de 1826 no ratificada por las provincias.,general_knowledge (periodizacion propia del analista a partir de historiografia estandar; ver README.md),
1828,civil_war_or_state_building,Vicente López y Planes / Manuel Dorrego / guerra civil,congress,False,"Guerra civil (fusilamiento de Dorrego, guerra entre unitarios y federales) hasta la asunción de Rosas (dic. 1829).",general_knowledge (periodizacion propia del analista a partir de historiografia estandar; ver README.md),
1829,civil_war_or_state_building,Juan Manuel de Rosas (1er gobierno),congress,False,"Guerra civil (fusilamiento de Dorrego, guerra entre unitarios y federales) hasta la asunción de Rosas (dic. 1829).",general_knowledge (periodizacion propia del analista a partir de historiografia estandar; ver README.md),
1830,dictatorship,Juan Manuel de Rosas (1er gobierno),congress,False,"Rosas gobierna Buenos Aires (con la suma del poder público desde 1835) y ejerce de facto las relaciones exteriores de la Confederación; simplificación que incluye los interinatos de 1832-1835, alineados con Rosas.",general_knowledge (periodizacion propia del analista a partir de historiografia estandar; ver README.md),
1831,dictatorship,Juan Manuel de Rosas (1er gobierno),congress,False,"Rosas gobierna Buenos Aires (con la suma del poder público desde 1835) y ejerce de facto las relaciones exteriores de la Confederación; simplificación que incluye los interinatos de 1832-1835, alineados con Rosas.",general_knowledge (periodizacion propia del analista a partir de historiografia estandar; ver README.md),
1832,dictatorship,Juan Ramón Balcarce / Juan José Viamonte / interinatos,congress,False,"Rosas gobierna Buenos Aires (con la suma del poder público desde 1835) y ejerce de facto las relaciones exteriores de la Confederación; simplificación que incluye los interinatos de 1832-1835, alineados con Rosas.",general_knowledge (periodizacion propia del analista a partir de historiografia estandar; ver README.md),
1833,dictatorship,Juan Ramón Balcarce / Juan José Viamonte / interinatos,congress,False,"Rosas gobierna Buenos Aires (con la suma del poder público desde 1835) y ejerce de facto las relaciones exteriores de la Confederación; simplificación que incluye los interinatos de 1832-1835, alineados con Rosas.",general_knowledge (periodizacion propia del analista a partir de historiografia estandar; ver README.md),
1834,dictatorship,Juan Ramón Balcarce / Juan José Viamonte / interinatos,congress,False,"Rosas gobierna Buenos Aires (con la suma del poder público desde 1835) y ejerce de facto las relaciones exteriores de la Confederación; simplificación que incluye los interinatos de 1832-1835, alineados con Rosas.",general_knowledge (periodizacion propia del analista a partir de historiografia estandar; ver README.md),
1835,dictatorship,Juan Manuel de Rosas (2do gobierno),congress,False,"Rosas gobierna Buenos Aires (con la suma del poder público desde 1835) y ejerce de facto las relaciones exteriores de la Confederación; simplificación que incluye los interinatos de 1832-1835, alineados con Rosas.",general_knowledge (periodizacion propia del analista a partir de historiografia estandar; ver README.md),
1836,dictatorship,Juan Manuel de Rosas (2do gobierno),congress,False,"Rosas gobierna Buenos Aires (con la suma del poder público desde 1835) y ejerce de facto las relaciones exteriores de la Confederación; simplificación que incluye los interinatos de 1832-1835, alineados con Rosas.",general_knowledge (periodizacion propia del analista a partir de historiografia estandar; ver README.md),
1837,dictatorship,Juan Manuel de Rosas (2do gobierno),congress,False,"Rosas gobierna Buenos Aires (con la suma del poder público desde 1835) y ejerce de facto las relaciones exteriores de la Confederación; simplificación que incluye los interinatos de 1832-1835, alineados con Rosas.",general_knowledge (periodizacion propia del analista a partir de historiografia estandar; ver README.md),
1838,dictatorship,Juan Manuel de Rosas (2do gobierno),congress,False,"Rosas gobierna Buenos Aires (con la suma del poder público desde 1835) y ejerce de facto las relaciones exteriores de la Confederación; simplificación que incluye los interinatos de 1832-1835, alineados con Rosas.",general_knowledge (periodizacion propia del analista a partir de historiografia estandar; ver README.md),
1839,dictatorship,Juan Manuel de Rosas (2do gobierno),congress,False,"Rosas gobierna Buenos Aires (con la suma del poder público desde 1835) y ejerce de facto las relaciones exteriores de la Confederación; simplificación que incluye los interinatos de 1832-1835, alineados con Rosas.",general_knowledge (periodizacion propia del analista a partir de historiografia estandar; ver README.md),
1840,dictatorship,Juan Manuel de Rosas (2do gobierno),congress,False,"Rosas gobierna Buenos Aires (con la suma del poder público desde 1835) y ejerce de facto las relaciones exteriores de la Confederación; simplificación que incluye los interinatos de 1832-1835, alineados con Rosas.",general_knowledge (periodizacion propia del analista a partir de historiografia estandar; ver README.md),
1841,dictatorship,Juan Manuel de Rosas (2do gobierno),congress,False,"Rosas gobierna Buenos Aires (con la suma del poder público desde 1835) y ejerce de facto las relaciones exteriores de la Confederación; simplificación que incluye los interinatos de 1832-1835, alineados con Rosas.",general_knowledge (periodizacion propia del analista a partir de historiografia estandar; ver README.md),
1842,dictatorship,Juan Manuel de Rosas (2do gobierno),congress,False,"Rosas gobierna Buenos Aires (con la suma del poder público desde 1835) y ejerce de facto las relaciones exteriores de la Confederación; simplificación que incluye los interinatos de 1832-1835, alineados con Rosas.",general_knowledge (periodizacion propia del analista a partir de historiografia estandar; ver README.md),
1843,dictatorship,Juan Manuel de Rosas (2do gobierno),congress,False,"Rosas gobierna Buenos Aires (con la suma del poder público desde 1835) y ejerce de facto las relaciones exteriores de la Confederación; simplificación que incluye los interinatos de 1832-1835, alineados con Rosas.",general_knowledge (periodizacion propia del analista a partir de historiografia estandar; ver README.md),
1844,dictatorship,Juan Manuel de Rosas (2do gobierno),congress,False,"Rosas gobierna Buenos Aires (con la suma del poder público desde 1835) y ejerce de facto las relaciones exteriores de la Confederación; simplificación que incluye los interinatos de 1832-1835, alineados con Rosas.",general_knowledge (periodizacion propia del analista a partir de historiografia estandar; ver README.md),
1845,dictatorship,Juan Manuel de Rosas (2do gobierno),congress,False,"Rosas gobierna Buenos Aires (con la suma del poder público desde 1835) y ejerce de facto las relaciones exteriores de la Confederación; simplificación que incluye los interinatos de 1832-1835, alineados con Rosas.",general_knowledge (periodizacion propia del analista a partir de historiografia estandar; ver README.md),
1846,dictatorship,Juan Manuel de Rosas (2do gobierno),congress,False,"Rosas gobierna Buenos Aires (con la suma del poder público desde 1835) y ejerce de facto las relaciones exteriores de la Confederación; simplificación que incluye los interinatos de 1832-1835, alineados con Rosas.",general_knowledge (periodizacion propia del analista a partir de historiografia estandar; ver README.md),
1847,dictatorship,Juan Manuel de Rosas (2do gobierno),congress,False,"Rosas gobierna Buenos Aires (con la suma del poder público desde 1835) y ejerce de facto las relaciones exteriores de la Confederación; simplificación que incluye los interinatos de 1832-1835, alineados con Rosas.",general_knowledge (periodizacion propia del analista a partir de historiografia estandar; ver README.md),
1848,dictatorship,Juan Manuel de Rosas (2do gobierno),congress,False,"Rosas gobierna Buenos Aires (con la suma del poder público desde 1835) y ejerce de facto las relaciones exteriores de la Confederación; simplificación que incluye los interinatos de 1832-1835, alineados con Rosas.",general_knowledge (periodizacion propia del analista a partir de historiografia estandar; ver README.md),
1849,dictatorship,Juan Manuel de Rosas (2do gobierno),congress,False,"Rosas gobierna Buenos Aires (con la suma del poder público desde 1835) y ejerce de facto las relaciones exteriores de la Confederación; simplificación que incluye los interinatos de 1832-1835, alineados con Rosas.",general_knowledge (periodizacion propia del analista a partir de historiografia estandar; ver README.md),
1850,dictatorship,Juan Manuel de Rosas (2do gobierno),congress,False,"Rosas gobierna Buenos Aires (con la suma del poder público desde 1835) y ejerce de facto las relaciones exteriores de la Confederación; simplificación que incluye los interinatos de 1832-1835, alineados con Rosas.",general_knowledge (periodizacion propia del analista a partir de historiografia estandar; ver README.md),
1851,dictatorship,Juan Manuel de Rosas (2do gobierno),congress,False,"Rosas gobierna Buenos Aires (con la suma del poder público desde 1835) y ejerce de facto las relaciones exteriores de la Confederación; simplificación que incluye los interinatos de 1832-1835, alineados con Rosas.",general_knowledge (periodizacion propia del analista a partir de historiografia estandar; ver README.md),
1852,civil_war_or_state_building,Justo José de Urquiza (Director provisorio / Confederación),coup,False,"Caída de Rosas (Caseros, feb. 1852); país escindido (Confederación vs. Estado de Buenos Aires); guerras de Cepeda (1859) y Pavón (1861).",general_knowledge (periodizacion propia del analista a partir de historiografia estandar; ver README.md),
1853,civil_war_or_state_building,Justo José de Urquiza (Director provisorio / Confederación),coup,False,"Caída de Rosas (Caseros, feb. 1852); país escindido (Confederación vs. Estado de Buenos Aires); guerras de Cepeda (1859) y Pavón (1861).",general_knowledge (periodizacion propia del analista a partir de historiografia estandar; ver README.md),
1854,civil_war_or_state_building,Justo José de Urquiza,election,False,"Caída de Rosas (Caseros, feb. 1852); país escindido (Confederación vs. Estado de Buenos Aires); guerras de Cepeda (1859) y Pavón (1861).",general_knowledge (periodizacion propia del analista a partir de historiografia estandar; ver README.md),
1855,civil_war_or_state_building,Justo José de Urquiza,election,False,"Caída de Rosas (Caseros, feb. 1852); país escindido (Confederación vs. Estado de Buenos Aires); guerras de Cepeda (1859) y Pavón (1861).",general_knowledge (periodizacion propia del analista a partir de historiografia estandar; ver README.md),
1856,civil_war_or_state_building,Justo José de Urquiza,election,False,"Caída de Rosas (Caseros, feb. 1852); país escindido (Confederación vs. Estado de Buenos Aires); guerras de Cepeda (1859) y Pavón (1861).",general_knowledge (periodizacion propia del analista a partir de historiografia estandar; ver README.md),
1857,civil_war_or_state_building,Justo José de Urquiza,election,False,"Caída de Rosas (Caseros, feb. 1852); país escindido (Confederación vs. Estado de Buenos Aires); guerras de Cepeda (1859) y Pavón (1861).",general_knowledge (periodizacion propia del analista a partir de historiografia estandar; ver README.md),
1858,civil_war_or_state_building,Justo José de Urquiza,election,False,"Caída de Rosas (Caseros, feb. 1852); país escindido (Confederación vs. Estado de Buenos Aires); guerras de Cepeda (1859) y Pavón (1861).",general_knowledge (periodizacion propia del analista a partir de historiografia estandar; ver README.md),
1859,civil_war_or_state_building,Justo José de Urquiza,election,False,"Caída de Rosas (Caseros, feb. 1852); país escindido (Confederación vs. Estado de Buenos Aires); guerras de Cepeda (1859) y Pavón (1861).",general_knowledge (periodizacion propia del analista a partir de historiografia estandar; ver README.md),
1860,civil_war_or_state_building,Santiago Derqui,election,False,"Caída de Rosas (Caseros, feb. 1852); país escindido (Confederación vs. Estado de Buenos Aires); guerras de Cepeda (1859) y Pavón (1861).",general_knowledge (periodizacion propia del analista a partir de historiografia estandar; ver README.md),
1861,civil_war_or_state_building,Juan Esteban Pedernera / Bartolomé Mitre (gobernador de Bs.As.),succession,False,"Caída de Rosas (Caseros, feb. 1852); país escindido (Confederación vs. Estado de Buenos Aires); guerras de Cepeda (1859) y Pavón (1861).",general_knowledge (periodizacion propia del analista a partir de historiografia estandar; ver README.md),
1862,restricted_democracy,Bartolomé Mitre,election,True,República unificada con sufragio universal masculino no secreto; fraude y voto cantado ('régimen conservador').,general_knowledge (periodizacion propia del analista a partir de historiografia estandar; ver README.md),
1863,restricted_democracy,Bartolomé Mitre,election,True,República unificada con sufragio universal masculino no secreto; fraude y voto cantado ('régimen conservador').,general_knowledge (periodizacion propia del analista a partir de historiografia estandar; ver README.md),
1864,restricted_democracy,Bartolomé Mitre,election,True,República unificada con sufragio universal masculino no secreto; fraude y voto cantado ('régimen conservador').,general_knowledge (periodizacion propia del analista a partir de historiografia estandar; ver README.md),
1865,restricted_democracy,Bartolomé Mitre,election,True,República unificada con sufragio universal masculino no secreto; fraude y voto cantado ('régimen conservador').,general_knowledge (periodizacion propia del analista a partir de historiografia estandar; ver README.md),
1866,restricted_democracy,Bartolomé Mitre,election,True,República unificada con sufragio universal masculino no secreto; fraude y voto cantado ('régimen conservador').,general_knowledge (periodizacion propia del analista a partir de historiografia estandar; ver README.md),
1867,restricted_democracy,Bartolomé Mitre,election,True,República unificada con sufragio universal masculino no secreto; fraude y voto cantado ('régimen conservador').,general_knowledge (periodizacion propia del analista a partir de historiografia estandar; ver README.md),
1868,restricted_democracy,Domingo Faustino Sarmiento,election,True,República unificada con sufragio universal masculino no secreto; fraude y voto cantado ('régimen conservador').,general_knowledge (periodizacion propia del analista a partir de historiografia estandar; ver README.md),
1869,restricted_democracy,Domingo Faustino Sarmiento,election,True,República unificada con sufragio universal masculino no secreto; fraude y voto cantado ('régimen conservador').,general_knowledge (periodizacion propia del analista a partir de historiografia estandar; ver README.md),
1870,restricted_democracy,Domingo Faustino Sarmiento,election,True,República unificada con sufragio universal masculino no secreto; fraude y voto cantado ('régimen conservador').,general_knowledge (periodizacion propia del analista a partir de historiografia estandar; ver README.md),
1871,restricted_democracy,Domingo Faustino Sarmiento,election,True,República unificada con sufragio universal masculino no secreto; fraude y voto cantado ('régimen conservador').,general_knowledge (periodizacion propia del analista a partir de historiografia estandar; ver README.md),
1872,restricted_democracy,Domingo Faustino Sarmiento,election,True,República unificada con sufragio universal masculino no secreto; fraude y voto cantado ('régimen conservador').,general_knowledge (periodizacion propia del analista a partir de historiografia estandar; ver README.md),
1873,restricted_democracy,Domingo Faustino Sarmiento,election,True,República unificada con sufragio universal masculino no secreto; fraude y voto cantado ('régimen conservador').,general_knowledge (periodizacion propia del analista a partir de historiografia estandar; ver README.md),
1874,restricted_democracy,Nicolás Avellaneda,election,True,República unificada con sufragio universal masculino no secreto; fraude y voto cantado ('régimen conservador').,general_knowledge (periodizacion propia del analista a partir de historiografia estandar; ver README.md),
1875,restricted_democracy,Nicolás Avellaneda,election,True,República unificada con sufragio universal masculino no secreto; fraude y voto cantado ('régimen conservador').,general_knowledge (periodizacion propia del analista a partir de historiografia estandar; ver README.md),
1876,restricted_democracy,Nicolás Avellaneda,election,True,República unificada con sufragio universal masculino no secreto; fraude y voto cantado ('régimen conservador').,general_knowledge (periodizacion propia del analista a partir de historiografia estandar; ver README.md),
1877,restricted_democracy,Nicolás Avellaneda,election,True,República unificada con sufragio universal masculino no secreto; fraude y voto cantado ('régimen conservador').,general_knowledge (periodizacion propia del analista a partir de historiografia estandar; ver README.md),
1878,restricted_democracy,Nicolás Avellaneda,election,True,República unificada con sufragio universal masculino no secreto; fraude y voto cantado ('régimen conservador').,general_knowledge (periodizacion propia del analista a partir de historiografia estandar; ver README.md),
1879,restricted_democracy,Nicolás Avellaneda,election,True,República unificada con sufragio universal masculino no secreto; fraude y voto cantado ('régimen conservador').,general_knowledge (periodizacion propia del analista a partir de historiografia estandar; ver README.md),
1880,restricted_democracy,Julio Argentino Roca (1er mandato),election,True,República unificada con sufragio universal masculino no secreto; fraude y voto cantado ('régimen conservador').,general_knowledge (periodizacion propia del analista a partir de historiografia estandar; ver README.md),
1881,restricted_democracy,Julio Argentino Roca (1er mandato),election,True,República unificada con sufragio universal masculino no secreto; fraude y voto cantado ('régimen conservador').,general_knowledge (periodizacion propia del analista a partir de historiografia estandar; ver README.md),
1882,restricted_democracy,Julio Argentino Roca (1er mandato),election,True,República unificada con sufragio universal masculino no secreto; fraude y voto cantado ('régimen conservador').,general_knowledge (periodizacion propia del analista a partir de historiografia estandar; ver README.md),
1883,restricted_democracy,Julio Argentino Roca (1er mandato),election,True,República unificada con sufragio universal masculino no secreto; fraude y voto cantado ('régimen conservador').,general_knowledge (periodizacion propia del analista a partir de historiografia estandar; ver README.md),
1884,restricted_democracy,Julio Argentino Roca (1er mandato),election,True,República unificada con sufragio universal masculino no secreto; fraude y voto cantado ('régimen conservador').,general_knowledge (periodizacion propia del analista a partir de historiografia estandar; ver README.md),
1885,restricted_democracy,Julio Argentino Roca (1er mandato),election,True,República unificada con sufragio universal masculino no secreto; fraude y voto cantado ('régimen conservador').,general_knowledge (periodizacion propia del analista a partir de historiografia estandar; ver README.md),
1886,restricted_democracy,Miguel Juárez Celman,election,True,República unificada con sufragio universal masculino no secreto; fraude y voto cantado ('régimen conservador').,general_knowledge (periodizacion propia del analista a partir de historiografia estandar; ver README.md),
1887,restricted_democracy,Miguel Juárez Celman,election,True,República unificada con sufragio universal masculino no secreto; fraude y voto cantado ('régimen conservador').,general_knowledge (periodizacion propia del analista a partir de historiografia estandar; ver README.md),
1888,restricted_democracy,Miguel Juárez Celman,election,True,República unificada con sufragio universal masculino no secreto; fraude y voto cantado ('régimen conservador').,general_knowledge (periodizacion propia del analista a partir de historiografia estandar; ver README.md),
1889,restricted_democracy,Miguel Juárez Celman,election,True,República unificada con sufragio universal masculino no secreto; fraude y voto cantado ('régimen conservador').,general_knowledge (periodizacion propia del analista a partir de historiografia estandar; ver README.md),
1890,restricted_democracy,Carlos Pellegrini,succession,True,República unificada con sufragio universal masculino no secreto; fraude y voto cantado ('régimen conservador').,general_knowledge (periodizacion propia del analista a partir de historiografia estandar; ver README.md),
1891,restricted_democracy,Carlos Pellegrini,succession,True,República unificada con sufragio universal masculino no secreto; fraude y voto cantado ('régimen conservador').,general_knowledge (periodizacion propia del analista a partir de historiografia estandar; ver README.md),
1892,restricted_democracy,Luis Sáenz Peña,election,True,República unificada con sufragio universal masculino no secreto; fraude y voto cantado ('régimen conservador').,general_knowledge (periodizacion propia del analista a partir de historiografia estandar; ver README.md),
1893,restricted_democracy,Luis Sáenz Peña,election,True,República unificada con sufragio universal masculino no secreto; fraude y voto cantado ('régimen conservador').,general_knowledge (periodizacion propia del analista a partir de historiografia estandar; ver README.md),
1894,restricted_democracy,Luis Sáenz Peña,election,True,República unificada con sufragio universal masculino no secreto; fraude y voto cantado ('régimen conservador').,general_knowledge (periodizacion propia del analista a partir de historiografia estandar; ver README.md),
1895,restricted_democracy,José Evaristo Uriburu,succession,True,República unificada con sufragio universal masculino no secreto; fraude y voto cantado ('régimen conservador').,general_knowledge (periodizacion propia del analista a partir de historiografia estandar; ver README.md),
1896,restricted_democracy,José Evaristo Uriburu,succession,True,República unificada con sufragio universal masculino no secreto; fraude y voto cantado ('régimen conservador').,general_knowledge (periodizacion propia del analista a partir de historiografia estandar; ver README.md),
1897,restricted_democracy,José Evaristo Uriburu,succession,True,República unificada con sufragio universal masculino no secreto; fraude y voto cantado ('régimen conservador').,general_knowledge (periodizacion propia del analista a partir de historiografia estandar; ver README.md),
1898,restricted_democracy,Julio Argentino Roca (2do mandato),election,True,República unificada con sufragio universal masculino no secreto; fraude y voto cantado ('régimen conservador').,general_knowledge (periodizacion propia del analista a partir de historiografia estandar; ver README.md),
1899,restricted_democracy,Julio Argentino Roca (2do mandato),election,True,República unificada con sufragio universal masculino no secreto; fraude y voto cantado ('régimen conservador').,general_knowledge (periodizacion propia del analista a partir de historiografia estandar; ver README.md),
1900,restricted_democracy,Julio Argentino Roca (2do mandato),election,True,República unificada con sufragio universal masculino no secreto; fraude y voto cantado ('régimen conservador').,general_knowledge (periodizacion propia del analista a partir de historiografia estandar; ver README.md),
1901,restricted_democracy,Julio Argentino Roca (2do mandato),election,True,República unificada con sufragio universal masculino no secreto; fraude y voto cantado ('régimen conservador').,general_knowledge (periodizacion propia del analista a partir de historiografia estandar; ver README.md),
1902,restricted_democracy,Julio Argentino Roca (2do mandato),election,True,República unificada con sufragio universal masculino no secreto; fraude y voto cantado ('régimen conservador').,general_knowledge (periodizacion propia del analista a partir de historiografia estandar; ver README.md),
1903,restricted_democracy,Julio Argentino Roca (2do mandato),election,True,República unificada con sufragio universal masculino no secreto; fraude y voto cantado ('régimen conservador').,general_knowledge (periodizacion propia del analista a partir de historiografia estandar; ver README.md),
1904,restricted_democracy,Manuel Quintana,election,True,República unificada con sufragio universal masculino no secreto; fraude y voto cantado ('régimen conservador').,general_knowledge (periodizacion propia del analista a partir de historiografia estandar; ver README.md),
1905,restricted_democracy,Manuel Quintana,election,True,República unificada con sufragio universal masculino no secreto; fraude y voto cantado ('régimen conservador').,general_knowledge (periodizacion propia del analista a partir de historiografia estandar; ver README.md),
1906,restricted_democracy,José Figueroa Alcorta,succession,True,República unificada con sufragio universal masculino no secreto; fraude y voto cantado ('régimen conservador').,general_knowledge (periodizacion propia del analista a partir de historiografia estandar; ver README.md),
1907,restricted_democracy,José Figueroa Alcorta,succession,True,República unificada con sufragio universal masculino no secreto; fraude y voto cantado ('régimen conservador').,general_knowledge (periodizacion propia del analista a partir de historiografia estandar; ver README.md),
1908,restricted_democracy,José Figueroa Alcorta,succession,True,República unificada con sufragio universal masculino no secreto; fraude y voto cantado ('régimen conservador').,general_knowledge (periodizacion propia del analista a partir de historiografia estandar; ver README.md),
1909,restricted_democracy,José Figueroa Alcorta,succession,True,República unificada con sufragio universal masculino no secreto; fraude y voto cantado ('régimen conservador').,general_knowledge (periodizacion propia del analista a partir de historiografia estandar; ver README.md),
1910,restricted_democracy,Roque Sáenz Peña,election,True,República unificada con sufragio universal masculino no secreto; fraude y voto cantado ('régimen conservador').,general_knowledge (periodizacion propia del analista a partir de historiografia estandar; ver README.md),
1911,restricted_democracy,Roque Sáenz Peña,election,True,República unificada con sufragio universal masculino no secreto; fraude y voto cantado ('régimen conservador').,general_knowledge (periodizacion propia del analista a partir de historiografia estandar; ver README.md),
1912,transition,Roque Sáenz Peña,election,True,Sanción de la Ley Sáenz Peña (1912); primeras aplicaciones parciales antes de la elección presidencial de 1916.,general_knowledge (periodizacion propia del analista a partir de historiografia estandar; ver README.md),
1913,transition,Roque Sáenz Peña,election,True,Sanción de la Ley Sáenz Peña (1912); primeras aplicaciones parciales antes de la elección presidencial de 1916.,general_knowledge (periodizacion propia del analista a partir de historiografia estandar; ver README.md),
1914,transition,Victorino de la Plaza,succession,True,Sanción de la Ley Sáenz Peña (1912); primeras aplicaciones parciales antes de la elección presidencial de 1916.,general_knowledge (periodizacion propia del analista a partir de historiografia estandar; ver README.md),
1915,transition,Victorino de la Plaza,succession,True,Sanción de la Ley Sáenz Peña (1912); primeras aplicaciones parciales antes de la elección presidencial de 1916.,general_knowledge (periodizacion propia del analista a partir de historiografia estandar; ver README.md),
1916,democracy,Hipólito Yrigoyen (1er mandato),election,True,"Sufragio secreto, universal masculino y obligatorio (Ley Sáenz Peña); alternancia UCR.",general_knowledge (periodizacion propia del analista a partir de historiografia estandar; ver README.md),
1917,democracy,Hipólito Yrigoyen (1er mandato),election,True,"Sufragio secreto, universal masculino y obligatorio (Ley Sáenz Peña); alternancia UCR.",general_knowledge (periodizacion propia del analista a partir de historiografia estandar; ver README.md),
1918,democracy,Hipólito Yrigoyen (1er mandato),election,True,"Sufragio secreto, universal masculino y obligatorio (Ley Sáenz Peña); alternancia UCR.",general_knowledge (periodizacion propia del analista a partir de historiografia estandar; ver README.md),
1919,democracy,Hipólito Yrigoyen (1er mandato),election,True,"Sufragio secreto, universal masculino y obligatorio (Ley Sáenz Peña); alternancia UCR.",general_knowledge (periodizacion propia del analista a partir de historiografia estandar; ver README.md),
1920,democracy,Hipólito Yrigoyen (1er mandato),election,True,"Sufragio secreto, universal masculino y obligatorio (Ley Sáenz Peña); alternancia UCR.",general_knowledge (periodizacion propia del analista a partir de historiografia estandar; ver README.md),
1921,democracy,Hipólito Yrigoyen (1er mandato),election,True,"Sufragio secreto, universal masculino y obligatorio (Ley Sáenz Peña); alternancia UCR.",general_knowledge (periodizacion propia del analista a partir de historiografia estandar; ver README.md),
1922,democracy,Marcelo T. de Alvear,election,True,"Sufragio secreto, universal masculino y obligatorio (Ley Sáenz Peña); alternancia UCR.",general_knowledge (periodizacion propia del analista a partir de historiografia estandar; ver README.md),
1923,democracy,Marcelo T. de Alvear,election,True,"Sufragio secreto, universal masculino y obligatorio (Ley Sáenz Peña); alternancia UCR.",general_knowledge (periodizacion propia del analista a partir de historiografia estandar; ver README.md),
1924,democracy,Marcelo T. de Alvear,election,True,"Sufragio secreto, universal masculino y obligatorio (Ley Sáenz Peña); alternancia UCR.",general_knowledge (periodizacion propia del analista a partir de historiografia estandar; ver README.md),
1925,democracy,Marcelo T. de Alvear,election,True,"Sufragio secreto, universal masculino y obligatorio (Ley Sáenz Peña); alternancia UCR.",general_knowledge (periodizacion propia del analista a partir de historiografia estandar; ver README.md),
1926,democracy,Marcelo T. de Alvear,election,True,"Sufragio secreto, universal masculino y obligatorio (Ley Sáenz Peña); alternancia UCR.",general_knowledge (periodizacion propia del analista a partir de historiografia estandar; ver README.md),
1927,democracy,Marcelo T. de Alvear,election,True,"Sufragio secreto, universal masculino y obligatorio (Ley Sáenz Peña); alternancia UCR.",general_knowledge (periodizacion propia del analista a partir de historiografia estandar; ver README.md),
1928,democracy,Hipólito Yrigoyen (2do mandato),election,True,"Sufragio secreto, universal masculino y obligatorio (Ley Sáenz Peña); alternancia UCR.",general_knowledge (periodizacion propia del analista a partir de historiografia estandar; ver README.md),
1929,democracy,Hipólito Yrigoyen (2do mandato),election,True,"Sufragio secreto, universal masculino y obligatorio (Ley Sáenz Peña); alternancia UCR.",general_knowledge (periodizacion propia del analista a partir de historiografia estandar; ver README.md),
1930,coup,José Félix Uriburu,coup,False,Golpe de septiembre de 1930.,general_knowledge (periodizacion propia del analista a partir de historiografia estandar; ver README.md),
1931,dictatorship,José Félix Uriburu,coup,False,Gobierno de facto de Uriburu.,general_knowledge (periodizacion propia del analista a partir de historiografia estandar; ver README.md),
1932,restricted_democracy,Agustín Pedro Justo,election,True,'Década Infame': elecciones con fraude sistemático y proscripción del radicalismo yrigoyenista.,general_knowledge (periodizacion propia del analista a partir de historiografia estandar; ver README.md),
1933,restricted_democracy,Agustín Pedro Justo,election,True,'Década Infame': elecciones con fraude sistemático y proscripción del radicalismo yrigoyenista.,general_knowledge (periodizacion propia del analista a partir de historiografia estandar; ver README.md),
1934,restricted_democracy,Agustín Pedro Justo,election,True,'Década Infame': elecciones con fraude sistemático y proscripción del radicalismo yrigoyenista.,general_knowledge (periodizacion propia del analista a partir de historiografia estandar; ver README.md),
1935,restricted_democracy,Agustín Pedro Justo,election,True,'Década Infame': elecciones con fraude sistemático y proscripción del radicalismo yrigoyenista.,general_knowledge (periodizacion propia del analista a partir de historiografia estandar; ver README.md),
1936,restricted_democracy,Agustín Pedro Justo,election,True,'Década Infame': elecciones con fraude sistemático y proscripción del radicalismo yrigoyenista.,general_knowledge (periodizacion propia del analista a partir de historiografia estandar; ver README.md),
1937,restricted_democracy,Agustín Pedro Justo,election,True,'Década Infame': elecciones con fraude sistemático y proscripción del radicalismo yrigoyenista.,general_knowledge (periodizacion propia del analista a partir de historiografia estandar; ver README.md),
1938,restricted_democracy,Roberto Marcelino Ortiz,election,True,'Década Infame': elecciones con fraude sistemático y proscripción del radicalismo yrigoyenista.,general_knowledge (periodizacion propia del analista a partir de historiografia estandar; ver README.md),
1939,restricted_democracy,Roberto Marcelino Ortiz,election,True,'Década Infame': elecciones con fraude sistemático y proscripción del radicalismo yrigoyenista.,general_knowledge (periodizacion propia del analista a partir de historiografia estandar; ver README.md),
1940,restricted_democracy,Ramón S. Castillo (delegación/interino),succession,True,'Década Infame': elecciones con fraude sistemático y proscripción del radicalismo yrigoyenista.,general_knowledge (periodizacion propia del analista a partir de historiografia estandar; ver README.md),
1941,restricted_democracy,Ramón S. Castillo (delegación/interino),succession,True,'Década Infame': elecciones con fraude sistemático y proscripción del radicalismo yrigoyenista.,general_knowledge (periodizacion propia del analista a partir de historiografia estandar; ver README.md),
1942,restricted_democracy,Ramón S. Castillo,succession,True,'Década Infame': elecciones con fraude sistemático y proscripción del radicalismo yrigoyenista.,general_knowledge (periodizacion propia del analista a partir de historiografia estandar; ver README.md),
1943,coup,Pedro Pablo Ramírez,coup,False,Golpe de junio de 1943 (GOU).,general_knowledge (periodizacion propia del analista a partir de historiografia estandar; ver README.md),
1944,dictatorship,Edelmiro Julián Farrell,succession,False,"Gobiernos de facto de Ramírez y Farrell, sin Congreso ni elecciones nacionales.",general_knowledge (periodizacion propia del analista a partir de historiografia estandar; ver README.md),
1945,dictatorship,Edelmiro Julián Farrell,succession,False,"Gobiernos de facto de Ramírez y Farrell, sin Congreso ni elecciones nacionales.",general_knowledge (periodizacion propia del analista a partir de historiografia estandar; ver README.md),
1946,democracy,Juan Domingo Perón (1er mandato),election,True,Gobiernos peronistas electos; oposición limitada en el acceso a medios pero elecciones competitivas.,general_knowledge (periodizacion propia del analista a partir de historiografia estandar; ver README.md),
1947,democracy,Juan Domingo Perón (1er mandato),election,True,Gobiernos peronistas electos; oposición limitada en el acceso a medios pero elecciones competitivas.,general_knowledge (periodizacion propia del analista a partir de historiografia estandar; ver README.md),
1948,democracy,Juan Domingo Perón (1er mandato),election,True,Gobiernos peronistas electos; oposición limitada en el acceso a medios pero elecciones competitivas.,general_knowledge (periodizacion propia del analista a partir de historiografia estandar; ver README.md),
1949,democracy,Juan Domingo Perón (1er mandato),election,True,Gobiernos peronistas electos; oposición limitada en el acceso a medios pero elecciones competitivas.,general_knowledge (periodizacion propia del analista a partir de historiografia estandar; ver README.md),
1950,democracy,Juan Domingo Perón (1er mandato),election,True,Gobiernos peronistas electos; oposición limitada en el acceso a medios pero elecciones competitivas.,general_knowledge (periodizacion propia del analista a partir de historiografia estandar; ver README.md),
1951,democracy,Juan Domingo Perón (1er mandato),election,True,Gobiernos peronistas electos; oposición limitada en el acceso a medios pero elecciones competitivas.,general_knowledge (periodizacion propia del analista a partir de historiografia estandar; ver README.md),
1952,democracy,Juan Domingo Perón (2do mandato),election,True,Gobiernos peronistas electos; oposición limitada en el acceso a medios pero elecciones competitivas.,general_knowledge (periodizacion propia del analista a partir de historiografia estandar; ver README.md),
1953,democracy,Juan Domingo Perón (2do mandato),election,True,Gobiernos peronistas electos; oposición limitada en el acceso a medios pero elecciones competitivas.,general_knowledge (periodizacion propia del analista a partir de historiografia estandar; ver README.md),
1954,democracy,Juan Domingo Perón (2do mandato),election,True,Gobiernos peronistas electos; oposición limitada en el acceso a medios pero elecciones competitivas.,general_knowledge (periodizacion propia del analista a partir de historiografia estandar; ver README.md),
1955,coup,Pedro Eugenio Aramburu,coup,False,Revolución Libertadora (septiembre de 1955).,general_knowledge (periodizacion propia del analista a partir de historiografia estandar; ver README.md),
1956,dictatorship,Pedro Eugenio Aramburu,coup,False,"Gobierno de facto de Aramburu; proscripción del peronismo, sin Congreso.",general_knowledge (periodizacion propia del analista a partir de historiografia estandar; ver README.md),
1957,dictatorship,Pedro Eugenio Aramburu,coup,False,"Gobierno de facto de Aramburu; proscripción del peronismo, sin Congreso.",general_knowledge (periodizacion propia del analista a partir de historiografia estandar; ver README.md),
1958,restricted_democracy,Arturo Frondizi,election,True,"Frondizi electo, pero con el peronismo proscripto ('democracia proscriptiva').",general_knowledge (periodizacion propia del analista a partir de historiografia estandar; ver README.md),
1959,restricted_democracy,Arturo Frondizi,election,True,"Frondizi electo, pero con el peronismo proscripto ('democracia proscriptiva').",general_knowledge (periodizacion propia del analista a partir de historiografia estandar; ver README.md),
1960,restricted_democracy,Arturo Frondizi,election,True,"Frondizi electo, pero con el peronismo proscripto ('democracia proscriptiva').",general_knowledge (periodizacion propia del analista a partir de historiografia estandar; ver README.md),
1961,restricted_democracy,Arturo Frondizi,election,True,"Frondizi electo, pero con el peronismo proscripto ('democracia proscriptiva').",general_knowledge (periodizacion propia del analista a partir de historiografia estandar; ver README.md),
1962,coup,José María Guido,coup,False,Golpe de marzo de 1962 contra Frondizi.,general_knowledge (periodizacion propia del analista a partir de historiografia estandar; ver README.md),
1963,restricted_democracy,Arturo Illia,election,True,Illia electo con el peronismo aún proscripto.,general_knowledge (periodizacion propia del analista a partir de historiografia estandar; ver README.md),
1964,restricted_democracy,Arturo Illia,election,True,Illia electo con el peronismo aún proscripto.,general_knowledge (periodizacion propia del analista a partir de historiografia estandar; ver README.md),
1965,restricted_democracy,Arturo Illia,election,True,Illia electo con el peronismo aún proscripto.,general_knowledge (periodizacion propia del analista a partir de historiografia estandar; ver README.md),
1966,coup,Juan Carlos Onganía,coup,False,Revolución Argentina (junio de 1966).,general_knowledge (periodizacion propia del analista a partir de historiografia estandar; ver README.md),
1967,dictatorship,Juan Carlos Onganía,coup,False,"Onganía / Levingston / Lanusse; Congreso disuelto, partidos prohibidos.",general_knowledge (periodizacion propia del analista a partir de historiografia estandar; ver README.md),
1968,dictatorship,Juan Carlos Onganía,coup,False,"Onganía / Levingston / Lanusse; Congreso disuelto, partidos prohibidos.",general_knowledge (periodizacion propia del analista a partir de historiografia estandar; ver README.md),
1969,dictatorship,Juan Carlos Onganía,coup,False,"Onganía / Levingston / Lanusse; Congreso disuelto, partidos prohibidos.",general_knowledge (periodizacion propia del analista a partir de historiografia estandar; ver README.md),
1970,dictatorship,Roberto Marcelo Levingston,coup,False,"Onganía / Levingston / Lanusse; Congreso disuelto, partidos prohibidos.",general_knowledge (periodizacion propia del analista a partir de historiografia estandar; ver README.md),
1971,dictatorship,Alejandro Agustín Lanusse,coup,False,"Onganía / Levingston / Lanusse; Congreso disuelto, partidos prohibidos.",general_knowledge (periodizacion propia del analista a partir de historiografia estandar; ver README.md),
1972,dictatorship,Alejandro Agustín Lanusse,coup,False,"Onganía / Levingston / Lanusse; Congreso disuelto, partidos prohibidos.",general_knowledge (periodizacion propia del analista a partir de historiografia estandar; ver README.md),
1973,democracy,Juan Domingo Perón (3er mandato),election,True,"Elecciones de 1973 sin proscripción del peronismo; gobiernos constitucionales de Cámpora, Perón e Isabel Perón.",general_knowledge (periodizacion propia del analista a partir de historiografia estandar; ver README.md),
1974,democracy,María Estela 'Isabel' Martínez de Perón,succession,True,"Elecciones de 1973 sin proscripción del peronismo; gobiernos constitucionales de Cámpora, Perón e Isabel Perón.",general_knowledge (periodizacion propia del analista a partir de historiografia estandar; ver README.md),
1975,democracy,María Estela 'Isabel' Martínez de Perón,succession,True,"Elecciones de 1973 sin proscripción del peronismo; gobiernos constitucionales de Cámpora, Perón e Isabel Perón.",general_knowledge (periodizacion propia del analista a partir de historiografia estandar; ver README.md),
1976,coup,Jorge Rafael Videla,coup,False,Golpe del 24 de marzo de 1976.,general_knowledge (periodizacion propia del analista a partir de historiografia estandar; ver README.md),
1977,dictatorship,Jorge Rafael Videla,coup,False,"Proceso de Reorganización Nacional; terrorismo de Estado, sin Congreso ni partidos.",general_knowledge (periodizacion propia del analista a partir de historiografia estandar; ver README.md),
1978,dictatorship,Jorge Rafael Videla,coup,False,"Proceso de Reorganización Nacional; terrorismo de Estado, sin Congreso ni partidos.",general_knowledge (periodizacion propia del analista a partir de historiografia estandar; ver README.md),
1979,dictatorship,Jorge Rafael Videla,coup,False,"Proceso de Reorganización Nacional; terrorismo de Estado, sin Congreso ni partidos.",general_knowledge (periodizacion propia del analista a partir de historiografia estandar; ver README.md),
1980,dictatorship,Jorge Rafael Videla,coup,False,"Proceso de Reorganización Nacional; terrorismo de Estado, sin Congreso ni partidos.",general_knowledge (periodizacion propia del analista a partir de historiografia estandar; ver README.md),
1981,dictatorship,Leopoldo Fortunato Galtieri,coup,False,"Proceso de Reorganización Nacional; terrorismo de Estado, sin Congreso ni partidos.",general_knowledge (periodizacion propia del analista a partir de historiografia estandar; ver README.md),
1982,dictatorship,Reynaldo Bignone,succession,False,"Proceso de Reorganización Nacional; terrorismo de Estado, sin Congreso ni partidos.",general_knowledge (periodizacion propia del analista a partir de historiografia estandar; ver README.md),
1983,democracy,Raúl Ricardo Alfonsín,election,True,"Período democrático ininterrumpido más largo de la historia argentina, iniciado el 10-dic-1983.",general_knowledge (periodizacion propia del analista a partir de historiografia estandar; ver README.md),
1984,democracy,Raúl Ricardo Alfonsín,election,True,"Período democrático ininterrumpido más largo de la historia argentina, iniciado el 10-dic-1983.",general_knowledge (periodizacion propia del analista a partir de historiografia estandar; ver README.md),
1985,democracy,Raúl Ricardo Alfonsín,election,True,"Período democrático ininterrumpido más largo de la historia argentina, iniciado el 10-dic-1983.",general_knowledge (periodizacion propia del analista a partir de historiografia estandar; ver README.md),
1986,democracy,Raúl Ricardo Alfonsín,election,True,"Período democrático ininterrumpido más largo de la historia argentina, iniciado el 10-dic-1983.",general_knowledge (periodizacion propia del analista a partir de historiografia estandar; ver README.md),
1987,democracy,Raúl Ricardo Alfonsín,election,True,"Período democrático ininterrumpido más largo de la historia argentina, iniciado el 10-dic-1983.",general_knowledge (periodizacion propia del analista a partir de historiografia estandar; ver README.md),
1988,democracy,Raúl Ricardo Alfonsín,election,True,"Período democrático ininterrumpido más largo de la historia argentina, iniciado el 10-dic-1983.",general_knowledge (periodizacion propia del analista a partir de historiografia estandar; ver README.md),
1989,democracy,Carlos Saúl Menem (1er mandato),election,True,"Período democrático ininterrumpido más largo de la historia argentina, iniciado el 10-dic-1983.",general_knowledge (periodizacion propia del analista a partir de historiografia estandar; ver README.md),
1990,democracy,Carlos Saúl Menem (1er mandato),election,True,"Período democrático ininterrumpido más largo de la historia argentina, iniciado el 10-dic-1983.",general_knowledge (periodizacion propia del analista a partir de historiografia estandar; ver README.md),
1991,democracy,Carlos Saúl Menem (1er mandato),election,True,"Período democrático ininterrumpido más largo de la historia argentina, iniciado el 10-dic-1983.",general_knowledge (periodizacion propia del analista a partir de historiografia estandar; ver README.md),
1992,democracy,Carlos Saúl Menem (1er mandato),election,True,"Período democrático ininterrumpido más largo de la historia argentina, iniciado el 10-dic-1983.",general_knowledge (periodizacion propia del analista a partir de historiografia estandar; ver README.md),
1993,democracy,Carlos Saúl Menem (1er mandato),election,True,"Período democrático ininterrumpido más largo de la historia argentina, iniciado el 10-dic-1983.",general_knowledge (periodizacion propia del analista a partir de historiografia estandar; ver README.md),
1994,democracy,Carlos Saúl Menem (1er mandato),election,True,"Período democrático ininterrumpido más largo de la historia argentina, iniciado el 10-dic-1983.",general_knowledge (periodizacion propia del analista a partir de historiografia estandar; ver README.md),
1995,democracy,Carlos Saúl Menem (2do mandato),election,True,"Período democrático ininterrumpido más largo de la historia argentina, iniciado el 10-dic-1983.",general_knowledge (periodizacion propia del analista a partir de historiografia estandar; ver README.md),
1996,democracy,Carlos Saúl Menem (2do mandato),election,True,"Período democrático ininterrumpido más largo de la historia argentina, iniciado el 10-dic-1983.",general_knowledge (periodizacion propia del analista a partir de historiografia estandar; ver README.md),
1997,democracy,Carlos Saúl Menem (2do mandato),election,True,"Período democrático ininterrumpido más largo de la historia argentina, iniciado el 10-dic-1983.",general_knowledge (periodizacion propia del analista a partir de historiografia estandar; ver README.md),
1998,democracy,Carlos Saúl Menem (2do mandato),election,True,"Período democrático ininterrumpido más largo de la historia argentina, iniciado el 10-dic-1983.",general_knowledge (periodizacion propia del analista a partir de historiografia estandar; ver README.md),
1999,democracy,Fernando de la Rúa,election,True,"Período democrático ininterrumpido más largo de la historia argentina, iniciado el 10-dic-1983.",general_knowledge (periodizacion propia del analista a partir de historiografia estandar; ver README.md),
2000,democracy,Fernando de la Rúa,election,True,"Período democrático ininterrumpido más largo de la historia argentina, iniciado el 10-dic-1983.",general_knowledge (periodizacion propia del analista a partir de historiografia estandar; ver README.md),
2001,democracy,Eduardo Camaño,succession,True,"Período democrático ininterrumpido más largo de la historia argentina, iniciado el 10-dic-1983.",general_knowledge (periodizacion propia del analista a partir de historiografia estandar; ver README.md),
2002,democracy,Eduardo Alberto Duhalde,congress,True,"Período democrático ininterrumpido más largo de la historia argentina, iniciado el 10-dic-1983.",general_knowledge (periodizacion propia del analista a partir de historiografia estandar; ver README.md),
2003,democracy,Néstor Carlos Kirchner,election,True,"Período democrático ininterrumpido más largo de la historia argentina, iniciado el 10-dic-1983.",general_knowledge (periodizacion propia del analista a partir de historiografia estandar; ver README.md),
2004,democracy,Néstor Carlos Kirchner,election,True,"Período democrático ininterrumpido más largo de la historia argentina, iniciado el 10-dic-1983.",general_knowledge (periodizacion propia del analista a partir de historiografia estandar; ver README.md),
2005,democracy,Néstor Carlos Kirchner,election,True,"Período democrático ininterrumpido más largo de la historia argentina, iniciado el 10-dic-1983.",general_knowledge (periodizacion propia del analista a partir de historiografia estandar; ver README.md),
2006,democracy,Néstor Carlos Kirchner,election,True,"Período democrático ininterrumpido más largo de la historia argentina, iniciado el 10-dic-1983.",general_knowledge (periodizacion propia del analista a partir de historiografia estandar; ver README.md),
2007,democracy,Cristina Fernández de Kirchner (1er mandato),election,True,"Período democrático ininterrumpido más largo de la historia argentina, iniciado el 10-dic-1983.",general_knowledge (periodizacion propia del analista a partir de historiografia estandar; ver README.md),
2008,democracy,Cristina Fernández de Kirchner (1er mandato),election,True,"Período democrático ininterrumpido más largo de la historia argentina, iniciado el 10-dic-1983.",general_knowledge (periodizacion propia del analista a partir de historiografia estandar; ver README.md),
2009,democracy,Cristina Fernández de Kirchner (1er mandato),election,True,"Período democrático ininterrumpido más largo de la historia argentina, iniciado el 10-dic-1983.",general_knowledge (periodizacion propia del analista a partir de historiografia estandar; ver README.md),
2010,democracy,Cristina Fernández de Kirchner (1er mandato),election,True,"Período democrático ininterrumpido más largo de la historia argentina, iniciado el 10-dic-1983.",general_knowledge (periodizacion propia del analista a partir de historiografia estandar; ver README.md),
2011,democracy,Cristina Fernández de Kirchner (2do mandato),election,True,"Período democrático ininterrumpido más largo de la historia argentina, iniciado el 10-dic-1983.",general_knowledge (periodizacion propia del analista a partir de historiografia estandar; ver README.md),
2012,democracy,Cristina Fernández de Kirchner (2do mandato),election,True,"Período democrático ininterrumpido más largo de la historia argentina, iniciado el 10-dic-1983.",general_knowledge (periodizacion propia del analista a partir de historiografia estandar; ver README.md),
2013,democracy,Cristina Fernández de Kirchner (2do mandato),election,True,"Período democrático ininterrumpido más largo de la historia argentina, iniciado el 10-dic-1983.",general_knowledge (periodizacion propia del analista a partir de historiografia estandar; ver README.md),
2014,democracy,Cristina Fernández de Kirchner (2do mandato),election,True,"Período democrático ininterrumpido más largo de la historia argentina, iniciado el 10-dic-1983.",general_knowledge (periodizacion propia del analista a partir de historiografia estandar; ver README.md),
2015,democracy,Mauricio Macri,election,True,"Período democrático ininterrumpido más largo de la historia argentina, iniciado el 10-dic-1983.",general_knowledge (periodizacion propia del analista a partir de historiografia estandar; ver README.md),
2016,democracy,Mauricio Macri,election,True,"Período democrático ininterrumpido más largo de la historia argentina, iniciado el 10-dic-1983.",general_knowledge (periodizacion propia del analista a partir de historiografia estandar; ver README.md),
2017,democracy,Mauricio Macri,election,True,"Período democrático ininterrumpido más largo de la historia argentina, iniciado el 10-dic-1983.",general_knowledge (periodizacion propia del analista a partir de historiografia estandar; ver README.md),
2018,democracy,Mauricio Macri,election,True,"Período democrático ininterrumpido más largo de la historia argentina, iniciado el 10-dic-1983.",general_knowledge (periodizacion propia del analista a partir de historiografia estandar; ver README.md),
2019,democracy,Alberto Ángel Fernández,election,True,"Período democrático ininterrumpido más largo de la historia argentina, iniciado el 10-dic-1983.",general_knowledge (periodizacion propia del analista a partir de historiografia estandar; ver README.md),
2020,democracy,Alberto Ángel Fernández,election,True,"Período democrático ininterrumpido más largo de la historia argentina, iniciado el 10-dic-1983.",general_knowledge (periodizacion propia del analista a partir de historiografia estandar; ver README.md),
2021,democracy,Alberto Ángel Fernández,election,True,"Período democrático ininterrumpido más largo de la historia argentina, iniciado el 10-dic-1983.",general_knowledge (periodizacion propia del analista a partir de historiografia estandar; ver README.md),
2022,democracy,Alberto Ángel Fernández,election,True,"Período democrático ininterrumpido más largo de la historia argentina, iniciado el 10-dic-1983.",general_knowledge (periodizacion propia del analista a partir de historiografia estandar; ver README.md),
2023,democracy,Javier Gerardo Milei,election,True,"Período democrático ininterrumpido más largo de la historia argentina, iniciado el 10-dic-1983.",general_knowledge (periodizacion propia del analista a partir de historiografia estandar; ver README.md),
